name,density,format,feat_size,num_parts,autotune_max_bucket,cost_model_max_bucket
c-66b,0.00019969065422283038,CELL,32,1,64,16.0
c-66b,0.00019969065422283038,CELL,64,1,16,16.0
c-66b,0.00019969065422283038,CELL,128,1,16,16.0
c-66b,0.00019969065422283038,CELL,256,1,16,16.0
c-66b,0.00019969065422283038,CELL,512,1,16,16.0
rajat15,0.00031948913292005723,CELL,32,1,64,16.0
rajat15,0.00031948913292005723,CELL,64,1,16,16.0
rajat15,0.00031948913292005723,CELL,128,1,16,16.0
rajat15,0.00031948913292005723,CELL,256,1,8,16.0
rajat15,0.00031948913292005723,CELL,512,1,16,16.0
bcspwr07,0.0022412551028576,CELL,32,1,2,4.0
bcspwr07,0.0022412551028576,CELL,64,1,2,4.0
bcspwr07,0.0022412551028576,CELL,128,1,2,4.0
bcspwr07,0.0022412551028576,CELL,256,1,4,4.0
bcspwr07,0.0022412551028576,CELL,512,1,4,4.0
fpga_dcop_20,0.003958613276001075,CELL,32,1,4,4.0
fpga_dcop_20,0.003958613276001075,CELL,64,1,4,4.0
fpga_dcop_20,0.003958613276001075,CELL,128,1,4,4.0
fpga_dcop_20,0.003958613276001075,CELL,256,1,4,4.0
fpga_dcop_20,0.003958613276001075,CELL,512,1,4,4.0
cz308,0.033542755945353345,CELL,32,4,2,8.0
cz308,0.033542755945353345,CELL,64,1,4,8.0
cz308,0.033542755945353345,CELL,128,1,8,8.0
cz308,0.033542755945353345,CELL,256,1,8,8.0
cz308,0.033542755945353345,CELL,512,1,8,8.0
OPF_6000,0.0003382261348322385,CELL,32,1,16,8.0
OPF_6000,0.0003382261348322385,CELL,64,1,8,8.0
OPF_6000,0.0003382261348322385,CELL,128,1,8,8.0
OPF_6000,0.0003382261348322385,CELL,256,1,8,8.0
OPF_6000,0.0003382261348322385,CELL,512,1,8,8.0
para-7,0.00022278268146573585,CELL,32,1,8,32.0
para-7,0.00022278268146573585,CELL,64,1,32,32.0
para-7,0.00022278268146573585,CELL,128,1,32,32.0
para-7,0.00022278268146573585,CELL,256,1,32,32.0
para-7,0.00022278268146573585,CELL,512,1,32,32.0
08blocks,0.006577777777777778,CELL,32,1,1,64.0
08blocks,0.006577777777777778,CELL,64,1,1,64.0
08blocks,0.006577777777777778,CELL,128,1,1,64.0
08blocks,0.006577777777777778,CELL,256,1,1,64.0
08blocks,0.006577777777777778,CELL,512,1,2,64.0
1138_bus,0.003130395569571381,CELL,32,1,2,4.0
1138_bus,0.003130395569571381,CELL,64,1,2,4.0
1138_bus,0.003130395569571381,CELL,128,1,2,4.0
1138_bus,0.003130395569571381,CELL,256,1,4,4.0
1138_bus,0.003130395569571381,CELL,512,1,4,4.0
rajat04,0.008897452294540552,CELL,32,1,8,8.0
rajat04,0.008897452294540552,CELL,64,1,4,8.0
rajat04,0.008897452294540552,CELL,128,1,8,8.0
rajat04,0.008897452294540552,CELL,256,1,8,8.0
rajat04,0.008897452294540552,CELL,512,1,8,8.0
can_292,0.029789829236254457,CELL,32,1,2,8.0
can_292,0.029789829236254457,CELL,64,1,2,8.0
can_292,0.029789829236254457,CELL,128,1,2,8.0
can_292,0.029789829236254457,CELL,256,1,4,8.0
can_292,0.029789829236254457,CELL,512,1,4,8.0
coAuthorsCiteseer,3.1510158890645976e-05,CELL,32,1,32,8.0
coAuthorsCiteseer,3.1510158890645976e-05,CELL,64,1,8,8.0
coAuthorsCiteseer,3.1510158890645976e-05,CELL,128,1,8,8.0
coAuthorsCiteseer,3.1510158890645976e-05,CELL,256,1,8,8.0
coAuthorsCiteseer,3.1510158890645976e-05,CELL,512,1,8,8.0
lhr04,0.004916221419877191,CELL,32,1,8,32.0
lhr04,0.004916221419877191,CELL,64,1,8,32.0
lhr04,0.004916221419877191,CELL,128,1,16,32.0
lhr04,0.004916221419877191,CELL,256,1,8,32.0
lhr04,0.004916221419877191,CELL,512,1,16,32.0
vt2010,0.00014658915806621921,CELL,32,1,8,4.0
vt2010,0.00014658915806621921,CELL,64,1,4,4.0
vt2010,0.00014658915806621921,CELL,128,1,4,4.0
vt2010,0.00014658915806621921,CELL,256,1,4,4.0
vt2010,0.00014658915806621921,CELL,512,1,4,4.0
bcspwr06,0.0025069579909522467,CELL,32,1,2,4.0
bcspwr06,0.0025069579909522467,CELL,64,1,2,4.0
bcspwr06,0.0025069579909522467,CELL,128,1,4,4.0
bcspwr06,0.0025069579909522467,CELL,256,1,4,4.0
bcspwr06,0.0025069579909522467,CELL,512,1,4,4.0
vsp_south31_slptsk,0.00024138282604953574,CELL,32,1,64,32.0
vsp_south31_slptsk,0.00024138282604953574,CELL,64,1,32,32.0
vsp_south31_slptsk,0.00024138282604953574,CELL,128,1,32,32.0
vsp_south31_slptsk,0.00024138282604953574,CELL,256,1,32,32.0
vsp_south31_slptsk,0.00024138282604953574,CELL,512,1,32,32.0
oscil_dcop_57,0.008350459707950243,CELL,32,1,1,4.0
oscil_dcop_57,0.008350459707950243,CELL,64,1,1,4.0
oscil_dcop_57,0.008350459707950243,CELL,128,1,2,4.0
oscil_dcop_57,0.008350459707950243,CELL,256,1,2,4.0
oscil_dcop_57,0.008350459707950243,CELL,512,1,4,4.0
g7jac060,0.0006467762823247375,CELL,32,1,16,64.0
g7jac060,0.0006467762823247375,CELL,64,2,16,24.0
g7jac060,0.0006467762823247375,CELL,128,2,16,24.0
g7jac060,0.0006467762823247375,CELL,256,2,16,24.0
g7jac060,0.0006467762823247375,CELL,512,1,16,64.0
foldoc,0.0006740450488437401,CELL,32,1,16,8.0
foldoc,0.0006740450488437401,CELL,64,1,8,8.0
foldoc,0.0006740450488437401,CELL,128,1,8,8.0
foldoc,0.0006740450488437401,CELL,256,1,8,8.0
foldoc,0.0006740450488437401,CELL,512,1,8,8.0
wiki-talk-temporal,2.5459580106354363e-06,CELL,32,32,16,26.0
wiki-talk-temporal,2.5459580106354363e-06,CELL,64,64,16,20.25
wiki-talk-temporal,2.5459580106354363e-06,CELL,128,64,16,20.25
wiki-talk-temporal,2.5459580106354363e-06,CELL,256,64,8,20.25
wiki-talk-temporal,2.5459580106354363e-06,CELL,512,64,8,20.25
se,9.154900908470154e-05,CELL,32,1,8,4.0
se,9.154900908470154e-05,CELL,64,1,8,4.0
se,9.154900908470154e-05,CELL,128,1,8,4.0
se,9.154900908470154e-05,CELL,256,1,8,4.0
se,9.154900908470154e-05,CELL,512,1,8,4.0
dwt_66,0.07346189164370982,CELL,32,1,2,8.0
dwt_66,0.07346189164370982,CELL,64,1,1,8.0
dwt_66,0.07346189164370982,CELL,128,1,1,8.0
dwt_66,0.07346189164370982,CELL,256,1,2,8.0
dwt_66,0.07346189164370982,CELL,512,1,2,8.0
Raj1,1.872422471419449e-05,CELL,32,1,16,4.0
Raj1,1.872422471419449e-05,CELL,64,1,16,4.0
Raj1,1.872422471419449e-05,CELL,128,1,256,4.0
Raj1,1.872422471419449e-05,CELL,256,1,128,4.0
Raj1,1.872422471419449e-05,CELL,512,1,512,4.0
dermatology_5NN,0.018214936247723135,CELL,32,1,1,8.0
dermatology_5NN,0.018214936247723135,CELL,64,1,2,8.0
dermatology_5NN,0.018214936247723135,CELL,128,1,2,8.0
dermatology_5NN,0.018214936247723135,CELL,256,1,8,8.0
dermatology_5NN,0.018214936247723135,CELL,512,1,8,8.0
nos7,0.008687700045724738,CELL,32,1,2,8.0
nos7,0.008687700045724738,CELL,64,1,4,8.0
nos7,0.008687700045724738,CELL,128,1,4,8.0
nos7,0.008687700045724738,CELL,256,1,8,8.0
nos7,0.008687700045724738,CELL,512,1,4,8.0
g7jac100sc,0.00043870553603464425,CELL,32,2,16,64.0
g7jac100sc,0.00043870553603464425,CELL,64,4,16,44.0
g7jac100sc,0.00043870553603464425,CELL,128,4,16,44.0
g7jac100sc,0.00043870553603464425,CELL,256,4,16,44.0
g7jac100sc,0.00043870553603464425,CELL,512,4,16,44.0
dynamicSoaringProblem_6,0.0031211133151615974,CELL,32,1,8,16.0
dynamicSoaringProblem_6,0.0031211133151615974,CELL,64,1,8,16.0
dynamicSoaringProblem_6,0.0031211133151615974,CELL,128,1,8,16.0
dynamicSoaringProblem_6,0.0031211133151615974,CELL,256,1,8,16.0
dynamicSoaringProblem_6,0.0031211133151615974,CELL,512,1,8,16.0
bayer06,0.003047723800362155,CELL,32,1,8,64.0
bayer06,0.003047723800362155,CELL,64,1,4,64.0
bayer06,0.003047723800362155,CELL,128,1,8,64.0
bayer06,0.003047723800362155,CELL,256,1,8,64.0
bayer06,0.003047723800362155,CELL,512,1,8,64.0
usps_norm_5NN,0.0006703471074380166,CELL,32,1,8,8.0
usps_norm_5NN,0.0006703471074380166,CELL,64,1,8,8.0
usps_norm_5NN,0.0006703471074380166,CELL,128,1,8,8.0
usps_norm_5NN,0.0006703471074380166,CELL,256,1,8,8.0
usps_norm_5NN,0.0006703471074380166,CELL,512,1,8,8.0
freeFlyingRobot_5,0.002967806865338208,CELL,32,1,8,8.0
freeFlyingRobot_5,0.002967806865338208,CELL,64,1,4,8.0
freeFlyingRobot_5,0.002967806865338208,CELL,128,1,8,8.0
freeFlyingRobot_5,0.002967806865338208,CELL,256,1,8,8.0
freeFlyingRobot_5,0.002967806865338208,CELL,512,1,8,8.0
cnae9_10NN,0.015670438957475996,CELL,32,1,8,16.0
cnae9_10NN,0.015670438957475996,CELL,64,1,8,16.0
cnae9_10NN,0.015670438957475996,CELL,128,1,8,16.0
cnae9_10NN,0.015670438957475996,CELL,256,1,8,16.0
cnae9_10NN,0.015670438957475996,CELL,512,1,8,16.0
la2010,2.3460942891476498e-05,CELL,32,1,8,4.0
la2010,2.3460942891476498e-05,CELL,64,1,4,4.0
la2010,2.3460942891476498e-05,CELL,128,1,4,4.0
la2010,2.3460942891476498e-05,CELL,256,1,4,4.0
la2010,2.3460942891476498e-05,CELL,512,1,4,4.0
ncvxqp9,0.00019720114790043762,CELL,32,1,8,4.0
ncvxqp9,0.00019720114790043762,CELL,64,1,8,4.0
ncvxqp9,0.00019720114790043762,CELL,128,1,8,4.0
ncvxqp9,0.00019720114790043762,CELL,256,1,8,4.0
ncvxqp9,0.00019720114790043762,CELL,512,1,8,4.0
mimo46x46_system,0.0002775934496262015,CELL,32,1,8,8.0
mimo46x46_system,0.0002775934496262015,CELL,64,1,8,8.0
mimo46x46_system,0.0002775934496262015,CELL,128,1,4,8.0
mimo46x46_system,0.0002775934496262015,CELL,256,1,8,8.0
mimo46x46_system,0.0002775934496262015,CELL,512,1,8,8.0
mycielskian7,0.1673130193905817,CELL,32,1,4,16.0
mycielskian7,0.1673130193905817,CELL,64,1,2,16.0
mycielskian7,0.1673130193905817,CELL,128,1,8,16.0
mycielskian7,0.1673130193905817,CELL,256,1,8,16.0
mycielskian7,0.1673130193905817,CELL,512,1,8,16.0
jagmesh1,0.0071499013806706115,CELL,32,1,2,8.0
jagmesh1,0.0071499013806706115,CELL,64,1,4,8.0
jagmesh1,0.0071499013806706115,CELL,128,1,8,8.0
jagmesh1,0.0071499013806706115,CELL,256,1,8,8.0
jagmesh1,0.0071499013806706115,CELL,512,1,8,8.0
G45,0.01998,CELL,32,1,16,16.0
G45,0.01998,CELL,64,1,8,16.0
G45,0.01998,CELL,128,1,8,16.0
G45,0.01998,CELL,256,1,8,16.0
G45,0.01998,CELL,512,1,8,16.0
fpga_dcop_32,0.003958613276001075,CELL,32,1,4,4.0
fpga_dcop_32,0.003958613276001075,CELL,64,1,4,4.0
fpga_dcop_32,0.003958613276001075,CELL,128,1,4,4.0
fpga_dcop_32,0.003958613276001075,CELL,256,1,4,4.0
fpga_dcop_32,0.003958613276001075,CELL,512,1,8,4.0
ex32,0.008444249565057496,CELL,32,1,4,16.0
ex32,0.008444249565057496,CELL,64,1,4,16.0
ex32,0.008444249565057496,CELL,128,1,8,16.0
ex32,0.008444249565057496,CELL,256,1,8,16.0
ex32,0.008444249565057496,CELL,512,1,8,16.0
flickr,1.4598723604973644e-05,CELL,32,1,16,64.0
flickr,1.4598723604973644e-05,CELL,64,1,16,64.0
flickr,1.4598723604973644e-05,CELL,128,1,64,64.0
flickr,1.4598723604973644e-05,CELL,256,1,64,64.0
flickr,1.4598723604973644e-05,CELL,512,1,64,64.0
vsp_data_and_seymourl,0.0013296064400875223,CELL,32,1,16,16.0
vsp_data_and_seymourl,0.0013296064400875223,CELL,64,1,8,16.0
vsp_data_and_seymourl,0.0013296064400875223,CELL,128,1,8,16.0
vsp_data_and_seymourl,0.0013296064400875223,CELL,256,1,8,16.0
vsp_data_and_seymourl,0.0013296064400875223,CELL,512,1,16,16.0
Freescale2,2.5614089753255484e-06,CELL,32,1,8,8.0
Freescale2,2.5614089753255484e-06,CELL,64,1,8,8.0
Freescale2,2.5614089753255484e-06,CELL,128,1,8,8.0
Freescale2,2.5614089753255484e-06,CELL,256,1,8,8.0
Freescale2,2.5614089753255484e-06,CELL,512,1,8,8.0
west0497,0.006991648077600411,CELL,32,1,2,4.0
west0497,0.006991648077600411,CELL,64,1,2,4.0
west0497,0.006991648077600411,CELL,128,1,1,4.0
west0497,0.006991648077600411,CELL,256,1,2,4.0
west0497,0.006991648077600411,CELL,512,1,4,4.0
G38,0.0058895,CELL,32,1,16,8.0
G38,0.0058895,CELL,64,1,8,8.0
G38,0.0058895,CELL,128,1,8,8.0
G38,0.0058895,CELL,256,1,8,8.0
G38,0.0058895,CELL,512,1,8,8.0
oscil_dcop_24,0.008350459707950243,CELL,32,1,1,4.0
oscil_dcop_24,0.008350459707950243,CELL,64,1,1,4.0
oscil_dcop_24,0.008350459707950243,CELL,128,1,1,4.0
oscil_dcop_24,0.008350459707950243,CELL,256,1,2,4.0
oscil_dcop_24,0.008350459707950243,CELL,512,1,4,4.0
mycielskian17,0.010373669111062557,CELL,32,1,64,1024.0
mycielskian17,0.010373669111062557,CELL,64,1,128,1024.0
mycielskian17,0.010373669111062557,CELL,128,1,64,1024.0
mycielskian17,0.010373669111062557,CELL,256,1,128,1024.0
mycielskian17,0.010373669111062557,CELL,512,1,64,1024.0
belgium_osm,1.4922704116983713e-06,CELL,32,1,8,2.0
belgium_osm,1.4922704116983713e-06,CELL,64,1,8,2.0
belgium_osm,1.4922704116983713e-06,CELL,128,1,8,2.0
belgium_osm,1.4922704116983713e-06,CELL,256,1,8,2.0
belgium_osm,1.4922704116983713e-06,CELL,512,1,8,2.0
lp1,5.754865440246553e-06,CELL,32,1,64,2.0
lp1,5.754865440246553e-06,CELL,64,1,64,2.0
lp1,5.754865440246553e-06,CELL,128,1,64,2.0
lp1,5.754865440246553e-06,CELL,256,1,64,2.0
lp1,5.754865440246553e-06,CELL,512,1,512,2.0
G43,0.01998,CELL,32,1,8,16.0
G43,0.01998,CELL,64,1,8,16.0
G43,0.01998,CELL,128,1,8,16.0
G43,0.01998,CELL,256,1,8,16.0
G43,0.01998,CELL,512,1,8,16.0
can_62,0.056711758584807495,CELL,32,1,2,4.0
can_62,0.056711758584807495,CELL,64,1,2,4.0
can_62,0.056711758584807495,CELL,128,1,2,4.0
can_62,0.056711758584807495,CELL,256,1,2,4.0
can_62,0.056711758584807495,CELL,512,1,2,4.0
spaceStation_6,0.014254800817615515,CELL,32,1,4,16.0
spaceStation_6,0.014254800817615515,CELL,64,1,4,16.0
spaceStation_6,0.014254800817615515,CELL,128,1,8,16.0
spaceStation_6,0.014254800817615515,CELL,256,1,8,16.0
spaceStation_6,0.014254800817615515,CELL,512,1,8,16.0
cavity03,0.07291345321378459,CELL,32,1,4,32.0
cavity03,0.07291345321378459,CELL,64,1,4,32.0
cavity03,0.07291345321378459,CELL,128,1,8,32.0
cavity03,0.07291345321378459,CELL,256,4,8,16.0
cavity03,0.07291345321378459,CELL,512,1,8,32.0
bcsstk02,1.0,CELL,32,1,4,128.0
bcsstk02,1.0,CELL,64,1,4,128.0
bcsstk02,1.0,CELL,128,1,4,128.0
bcsstk02,1.0,CELL,256,4,8,28.0
bcsstk02,1.0,CELL,512,2,16,64.0
G15,0.014565625,CELL,32,1,4,8.0
G15,0.014565625,CELL,64,1,4,8.0
G15,0.014565625,CELL,128,1,8,8.0
G15,0.014565625,CELL,256,1,8,8.0
G15,0.014565625,CELL,512,1,8,8.0
rajat27,0.00023421303181900125,CELL,32,1,16,4.0
rajat27,0.00023421303181900125,CELL,64,1,8,4.0
rajat27,0.00023421303181900125,CELL,128,1,8,4.0
rajat27,0.00023421303181900125,CELL,256,1,8,4.0
rajat27,0.00023421303181900125,CELL,512,1,8,4.0
tumorAntiAngiogenesis_6,0.022175974101052143,CELL,32,1,8,8.0
tumorAntiAngiogenesis_6,0.022175974101052143,CELL,64,1,8,8.0
tumorAntiAngiogenesis_6,0.022175974101052143,CELL,128,1,8,8.0
tumorAntiAngiogenesis_6,0.022175974101052143,CELL,256,1,8,8.0
tumorAntiAngiogenesis_6,0.022175974101052143,CELL,512,1,8,8.0
dynamicSoaringProblem_5,0.003438403931569883,CELL,32,1,8,16.0
dynamicSoaringProblem_5,0.003438403931569883,CELL,64,1,8,16.0
dynamicSoaringProblem_5,0.003438403931569883,CELL,128,1,8,16.0
dynamicSoaringProblem_5,0.003438403931569883,CELL,256,1,8,16.0
dynamicSoaringProblem_5,0.003438403931569883,CELL,512,2,8,16.0
Harvard500,0.010544,CELL,32,1,2,16.0
Harvard500,0.010544,CELL,64,1,4,16.0
Harvard500,0.010544,CELL,128,1,4,16.0
Harvard500,0.010544,CELL,256,1,4,16.0
Harvard500,0.010544,CELL,512,1,8,16.0
fpga_dcop_22,0.003958613276001075,CELL,32,1,4,4.0
fpga_dcop_22,0.003958613276001075,CELL,64,1,4,4.0
fpga_dcop_22,0.003958613276001075,CELL,128,1,4,4.0
fpga_dcop_22,0.003958613276001075,CELL,256,1,4,4.0
fpga_dcop_22,0.003958613276001075,CELL,512,1,8,4.0
cavity08,0.02343886441003089,CELL,32,1,8,32.0
cavity08,0.02343886441003089,CELL,64,1,8,32.0
cavity08,0.02343886441003089,CELL,128,1,8,32.0
cavity08,0.02343886441003089,CELL,256,1,8,32.0
cavity08,0.02343886441003089,CELL,512,1,8,32.0
nos1,0.018106072744752445,CELL,32,1,2,8.0
nos1,0.018106072744752445,CELL,64,1,2,8.0
nos1,0.018106072744752445,CELL,128,1,2,8.0
nos1,0.018106072744752445,CELL,256,2,4,8.0
nos1,0.018106072744752445,CELL,512,2,8,8.0
dwt_221,0.0333531254478819,CELL,32,2,4,8.0
dwt_221,0.0333531254478819,CELL,64,1,4,8.0
dwt_221,0.0333531254478819,CELL,128,1,4,8.0
dwt_221,0.0333531254478819,CELL,256,1,2,8.0
dwt_221,0.0333531254478819,CELL,512,1,4,8.0
ex5,0.38271604938271603,CELL,32,1,2,16.0
ex5,0.38271604938271603,CELL,64,1,2,16.0
ex5,0.38271604938271603,CELL,128,1,1,16.0
ex5,0.38271604938271603,CELL,256,1,2,16.0
ex5,0.38271604938271603,CELL,512,1,2,16.0
oscil_dcop_17,0.008350459707950243,CELL,32,1,1,4.0
oscil_dcop_17,0.008350459707950243,CELL,64,1,1,4.0
oscil_dcop_17,0.008350459707950243,CELL,128,1,1,4.0
oscil_dcop_17,0.008350459707950243,CELL,256,1,2,4.0
oscil_dcop_17,0.008350459707950243,CELL,512,1,4,4.0
bcsstk06,0.0445578231292517,CELL,32,1,2,16.0
bcsstk06,0.0445578231292517,CELL,64,2,4,16.0
bcsstk06,0.0445578231292517,CELL,128,2,8,16.0
bcsstk06,0.0445578231292517,CELL,256,2,8,16.0
bcsstk06,0.0445578231292517,CELL,512,2,8,16.0
orsreg_1,0.002906813519058417,CELL,32,1,8,8.0
orsreg_1,0.002906813519058417,CELL,64,1,4,8.0
orsreg_1,0.002906813519058417,CELL,128,1,8,8.0
orsreg_1,0.002906813519058417,CELL,256,1,8,8.0
orsreg_1,0.002906813519058417,CELL,512,1,8,8.0
bcsstk33,0.00775223972597465,CELL,32,2,16,64.0
bcsstk33,0.00775223972597465,CELL,64,2,16,64.0
bcsstk33,0.00775223972597465,CELL,128,2,32,64.0
bcsstk33,0.00775223972597465,CELL,256,2,16,64.0
bcsstk33,0.00775223972597465,CELL,512,2,32,64.0
oscil_dcop_01,0.008350459707950243,CELL,32,1,1,4.0
oscil_dcop_01,0.008350459707950243,CELL,64,1,1,4.0
oscil_dcop_01,0.008350459707950243,CELL,128,1,1,4.0
oscil_dcop_01,0.008350459707950243,CELL,256,1,2,4.0
oscil_dcop_01,0.008350459707950243,CELL,512,1,4,4.0
bp_200,0.005626890676706863,CELL,32,1,2,8.0
bp_200,0.005626890676706863,CELL,64,1,2,8.0
bp_200,0.005626890676706863,CELL,128,1,4,8.0
bp_200,0.005626890676706863,CELL,256,1,4,8.0
bp_200,0.005626890676706863,CELL,512,1,8,8.0
fd12,0.0005059911111111111,CELL,32,1,8,4.0
fd12,0.0005059911111111111,CELL,64,1,4,4.0
fd12,0.0005059911111111111,CELL,128,1,4,4.0
fd12,0.0005059911111111111,CELL,256,1,8,4.0
fd12,0.0005059911111111111,CELL,512,1,8,4.0
polbooks,0.08,CELL,32,8,1,4.25
polbooks,0.08,CELL,64,1,2,8.0
polbooks,0.08,CELL,128,1,2,8.0
polbooks,0.08,CELL,256,1,2,8.0
polbooks,0.08,CELL,512,1,2,8.0
c-54,0.00038750988925943764,CELL,32,1,32,16.0
c-54,0.00038750988925943764,CELL,64,1,16,16.0
c-54,0.00038750988925943764,CELL,128,1,16,16.0
c-54,0.00038750988925943764,CELL,256,1,16,16.0
c-54,0.00038750988925943764,CELL,512,1,16,16.0
TSC_OPF_1047,0.030439392933250427,CELL,32,4,32,322.0
TSC_OPF_1047,0.030439392933250427,CELL,64,8,16,194.5
TSC_OPF_1047,0.030439392933250427,CELL,128,2,16,512.0
TSC_OPF_1047,0.030439392933250427,CELL,256,8,32,194.5
TSC_OPF_1047,0.030439392933250427,CELL,512,8,32,194.5
adder_dcop_22,0.003421389127795242,CELL,32,1,8,8.0
adder_dcop_22,0.003421389127795242,CELL,64,1,8,8.0
adder_dcop_22,0.003421389127795242,CELL,128,1,8,8.0
adder_dcop_22,0.003421389127795242,CELL,256,1,8,8.0
adder_dcop_22,0.003421389127795242,CELL,512,1,8,8.0
atmosmodd,5.461520344538144e-06,CELL,32,1,16,8.0
atmosmodd,5.461520344538144e-06,CELL,64,1,8,8.0
atmosmodd,5.461520344538144e-06,CELL,128,1,8,8.0
atmosmodd,5.461520344538144e-06,CELL,256,1,8,8.0
atmosmodd,5.461520344538144e-06,CELL,512,1,16,8.0
celegansneural,0.026584588874151164,CELL,32,1,1,8.0
celegansneural,0.026584588874151164,CELL,64,1,2,8.0
celegansneural,0.026584588874151164,CELL,128,1,4,8.0
celegansneural,0.026584588874151164,CELL,256,1,4,8.0
celegansneural,0.026584588874151164,CELL,512,1,8,8.0
mip1,0.0023436823002087755,CELL,32,2,16,576.0
mip1,0.0023436823002087755,CELL,64,8,32,432.0
mip1,0.0023436823002087755,CELL,128,16,32,376.0
mip1,0.0023436823002087755,CELL,256,4,32,384.0
mip1,0.0023436823002087755,CELL,512,4,32,384.0
G29,0.009995,CELL,32,1,16,16.0
G29,0.009995,CELL,64,1,8,16.0
G29,0.009995,CELL,128,1,8,16.0
G29,0.009995,CELL,256,1,8,16.0
G29,0.009995,CELL,512,1,16,16.0
c-35,0.0014717414800943986,CELL,32,1,8,8.0
c-35,0.0014717414800943986,CELL,64,1,8,8.0
c-35,0.0014717414800943986,CELL,128,1,8,8.0
c-35,0.0014717414800943986,CELL,256,1,8,8.0
c-35,0.0014717414800943986,CELL,512,1,8,8.0
oscil_dcop_40,0.008350459707950243,CELL,32,1,1,4.0
oscil_dcop_40,0.008350459707950243,CELL,64,1,1,4.0
oscil_dcop_40,0.008350459707950243,CELL,128,1,1,4.0
oscil_dcop_40,0.008350459707950243,CELL,256,1,2,4.0
oscil_dcop_40,0.008350459707950243,CELL,512,1,4,4.0
3dtube,0.0015639498154791914,CELL,32,2,16,64.0
3dtube,0.0015639498154791914,CELL,64,2,32,64.0
3dtube,0.0015639498154791914,CELL,128,2,32,64.0
3dtube,0.0015639498154791914,CELL,256,2,16,64.0
3dtube,0.0015639498154791914,CELL,512,2,32,64.0
astro-ph,0.0008689011471536058,CELL,32,1,32,32.0
astro-ph,0.0008689011471536058,CELL,64,1,8,32.0
astro-ph,0.0008689011471536058,CELL,128,1,16,32.0
astro-ph,0.0008689011471536058,CELL,256,1,16,32.0
astro-ph,0.0008689011471536058,CELL,512,1,16,32.0
thermal2,5.689506111645277e-06,CELL,32,1,16,8.0
thermal2,5.689506111645277e-06,CELL,64,1,8,8.0
thermal2,5.689506111645277e-06,CELL,128,1,8,8.0
thermal2,5.689506111645277e-06,CELL,256,1,8,8.0
thermal2,5.689506111645277e-06,CELL,512,1,8,8.0
lesmis,0.08568055321302075,CELL,32,1,2,8.0
lesmis,0.08568055321302075,CELL,64,1,1,8.0
lesmis,0.08568055321302075,CELL,128,1,1,8.0
lesmis,0.08568055321302075,CELL,256,1,4,8.0
lesmis,0.08568055321302075,CELL,512,1,4,8.0
airfoil1_dual,0.00036603831277439314,CELL,32,1,8,4.0
airfoil1_dual,0.00036603831277439314,CELL,64,1,4,4.0
airfoil1_dual,0.00036603831277439314,CELL,128,1,4,4.0
airfoil1_dual,0.00036603831277439314,CELL,256,1,4,4.0
airfoil1_dual,0.00036603831277439314,CELL,512,1,4,4.0
c-62ghs,0.0003211889707643295,CELL,32,1,64,16.0
c-62ghs,0.0003211889707643295,CELL,64,1,16,16.0
c-62ghs,0.0003211889707643295,CELL,128,1,16,16.0
c-62ghs,0.0003211889707643295,CELL,256,1,16,16.0
c-62ghs,0.0003211889707643295,CELL,512,1,16,16.0
ex26,0.020098666921445425,CELL,32,2,16,32.0
ex26,0.020098666921445425,CELL,64,2,16,32.0
ex26,0.020098666921445425,CELL,128,2,16,32.0
ex26,0.020098666921445425,CELL,256,2,16,32.0
ex26,0.020098666921445425,CELL,512,2,16,32.0
oscil_dcop_06,0.008350459707950243,CELL,32,1,1,4.0
oscil_dcop_06,0.008350459707950243,CELL,64,1,1,4.0
oscil_dcop_06,0.008350459707950243,CELL,128,1,1,4.0
oscil_dcop_06,0.008350459707950243,CELL,256,1,2,4.0
oscil_dcop_06,0.008350459707950243,CELL,512,1,4,4.0
c-72,0.00010012486498585956,CELL,32,1,16,16.0
c-72,0.00010012486498585956,CELL,64,1,16,16.0
c-72,0.00010012486498585956,CELL,128,1,16,16.0
c-72,0.00010012486498585956,CELL,256,1,16,16.0
c-72,0.00010012486498585956,CELL,512,1,16,16.0
mesh1em6,0.1328125,CELL,32,1,2,8.0
mesh1em6,0.1328125,CELL,64,1,2,8.0
mesh1em6,0.1328125,CELL,128,1,1,8.0
mesh1em6,0.1328125,CELL,256,1,2,8.0
mesh1em6,0.1328125,CELL,512,1,4,8.0
mbeaflw,0.20291363163371487,CELL,32,2,8,64.0
mbeaflw,0.20291363163371487,CELL,64,2,8,64.0
mbeaflw,0.20291363163371487,CELL,128,2,16,64.0
mbeaflw,0.20291363163371487,CELL,256,2,16,64.0
mbeaflw,0.20291363163371487,CELL,512,2,16,64.0
kron_g500-logn16,0.0011437733191996813,CELL,32,8,16,128.0
kron_g500-logn16,0.0011437733191996813,CELL,64,8,16,128.0
kron_g500-logn16,0.0011437733191996813,CELL,128,8,32,128.0
kron_g500-logn16,0.0011437733191996813,CELL,256,8,64,128.0
kron_g500-logn16,0.0011437733191996813,CELL,512,8,64,128.0
barrier2-2,0.00029759220279053226,CELL,32,1,8,32.0
barrier2-2,0.00029759220279053226,CELL,64,1,16,32.0
barrier2-2,0.00029759220279053226,CELL,128,1,8,32.0
barrier2-2,0.00029759220279053226,CELL,256,1,8,32.0
barrier2-2,0.00029759220279053226,CELL,512,1,8,32.0
oscil_dcop_38,0.008350459707950243,CELL,32,1,2,4.0
oscil_dcop_38,0.008350459707950243,CELL,64,1,1,4.0
oscil_dcop_38,0.008350459707950243,CELL,128,1,1,4.0
oscil_dcop_38,0.008350459707950243,CELL,256,1,2,4.0
oscil_dcop_38,0.008350459707950243,CELL,512,1,4,4.0
soc-Epinions1,8.835527213023052e-05,CELL,32,1,8,32.0
soc-Epinions1,8.835527213023052e-05,CELL,64,1,8,32.0
soc-Epinions1,8.835527213023052e-05,CELL,128,1,16,32.0
soc-Epinions1,8.835527213023052e-05,CELL,256,1,16,32.0
soc-Epinions1,8.835527213023052e-05,CELL,512,1,16,32.0
roadNet-CA,1.423902967303555e-06,CELL,32,1,8,4.0
roadNet-CA,1.423902967303555e-06,CELL,64,1,8,4.0
roadNet-CA,1.423902967303555e-06,CELL,128,1,8,4.0
roadNet-CA,1.423902967303555e-06,CELL,256,1,8,4.0
roadNet-CA,1.423902967303555e-06,CELL,512,1,8,4.0
Plants_10NN,0.00856640625,CELL,32,1,8,16.0
Plants_10NN,0.00856640625,CELL,64,1,16,16.0
Plants_10NN,0.00856640625,CELL,128,1,8,16.0
Plants_10NN,0.00856640625,CELL,256,1,8,16.0
Plants_10NN,0.00856640625,CELL,512,1,8,16.0
reorientation_7,0.0039752819855308295,CELL,32,1,8,16.0
reorientation_7,0.0039752819855308295,CELL,64,1,16,16.0
reorientation_7,0.0039752819855308295,CELL,128,1,16,16.0
reorientation_7,0.0039752819855308295,CELL,256,1,16,16.0
reorientation_7,0.0039752819855308295,CELL,512,1,16,16.0
EAT_RS,0.0006039301374332254,CELL,32,1,16,32.0
EAT_RS,0.0006039301374332254,CELL,64,1,8,32.0
EAT_RS,0.0006039301374332254,CELL,128,1,8,32.0
EAT_RS,0.0006039301374332254,CELL,256,1,8,32.0
EAT_RS,0.0006039301374332254,CELL,512,1,8,32.0
c-31,0.002756401254365869,CELL,32,1,8,32.0
c-31,0.002756401254365869,CELL,64,1,8,32.0
c-31,0.002756401254365869,CELL,128,1,8,32.0
c-31,0.002756401254365869,CELL,256,1,8,32.0
c-31,0.002756401254365869,CELL,512,1,8,32.0
uk,0.0005875989043175499,CELL,32,1,4,4.0
uk,0.0005875989043175499,CELL,64,1,4,4.0
uk,0.0005875989043175499,CELL,128,1,4,4.0
uk,0.0005875989043175499,CELL,256,1,4,4.0
uk,0.0005875989043175499,CELL,512,1,8,4.0
adjnoun,0.06776147959183673,CELL,32,4,1,4.0
adjnoun,0.06776147959183673,CELL,64,1,2,8.0
adjnoun,0.06776147959183673,CELL,128,1,1,8.0
adjnoun,0.06776147959183673,CELL,256,1,4,8.0
adjnoun,0.06776147959183673,CELL,512,1,4,8.0
g7jac060sc,0.0006467762823247375,CELL,32,1,8,64.0
g7jac060sc,0.0006467762823247375,CELL,64,2,16,24.0
g7jac060sc,0.0006467762823247375,CELL,128,2,16,24.0
g7jac060sc,0.0006467762823247375,CELL,256,2,16,24.0
g7jac060sc,0.0006467762823247375,CELL,512,1,16,64.0
Lederberg,0.0005319912879824816,CELL,32,1,8,16.0
Lederberg,0.0005319912879824816,CELL,64,1,8,16.0
Lederberg,0.0005319912879824816,CELL,128,1,8,16.0
Lederberg,0.0005319912879824816,CELL,256,1,8,16.0
Lederberg,0.0005319912879824816,CELL,512,1,8,16.0
TSOPF_RS_b162_c4,0.0019579601127127292,CELL,32,1,16,128.0
TSOPF_RS_b162_c4,0.0019579601127127292,CELL,64,1,16,128.0
TSOPF_RS_b162_c4,0.0019579601127127292,CELL,128,1,16,128.0
TSOPF_RS_b162_c4,0.0019579601127127292,CELL,256,1,16,128.0
TSOPF_RS_b162_c4,0.0019579601127127292,CELL,512,1,16,128.0
c-21,0.002611612804301377,CELL,32,1,8,16.0
c-21,0.002611612804301377,CELL,64,1,8,16.0
c-21,0.002611612804301377,CELL,128,1,8,16.0
c-21,0.002611612804301377,CELL,256,1,8,16.0
c-21,0.002611612804301377,CELL,512,1,8,16.0
Fashion_MNIST_norm_10NN,0.00158304,CELL,32,1,8,16.0
Fashion_MNIST_norm_10NN,0.00158304,CELL,64,1,16,16.0
Fashion_MNIST_norm_10NN,0.00158304,CELL,128,2,16,8.0
Fashion_MNIST_norm_10NN,0.00158304,CELL,256,2,16,8.0
Fashion_MNIST_norm_10NN,0.00158304,CELL,512,2,16,8.0
g7jac120sc,0.00037608407959313265,CELL,32,1,16,64.0
g7jac120sc,0.00037608407959313265,CELL,64,1,8,64.0
g7jac120sc,0.00037608407959313265,CELL,128,1,16,64.0
g7jac120sc,0.00037608407959313265,CELL,256,1,16,64.0
g7jac120sc,0.00037608407959313265,CELL,512,1,16,64.0
parabolic_fem,1.3290170862106693e-05,CELL,32,1,16,8.0
parabolic_fem,1.3290170862106693e-05,CELL,64,1,16,8.0
parabolic_fem,1.3290170862106693e-05,CELL,128,1,4,8.0
parabolic_fem,1.3290170862106693e-05,CELL,256,1,4,8.0
parabolic_fem,1.3290170862106693e-05,CELL,512,1,4,8.0
nnc261,0.02201964152023605,CELL,32,1,2,8.0
nnc261,0.02201964152023605,CELL,64,1,4,8.0
nnc261,0.02201964152023605,CELL,128,1,2,8.0
nnc261,0.02201964152023605,CELL,256,1,4,8.0
nnc261,0.02201964152023605,CELL,512,1,4,8.0
lowThrust_7,0.0007005449800931065,CELL,32,1,32,16.0
lowThrust_7,0.0007005449800931065,CELL,64,1,16,16.0
lowThrust_7,0.0007005449800931065,CELL,128,1,8,16.0
lowThrust_7,0.0007005449800931065,CELL,256,2,16,16.0
lowThrust_7,0.0007005449800931065,CELL,512,2,16,16.0
t60k,4.9680608442477586e-05,CELL,32,1,8,4.0
t60k,4.9680608442477586e-05,CELL,64,1,8,4.0
t60k,4.9680608442477586e-05,CELL,128,1,8,4.0
t60k,4.9680608442477586e-05,CELL,256,1,8,4.0
t60k,4.9680608442477586e-05,CELL,512,1,8,4.0
mcca,0.0820679012345679,CELL,32,1,2,32.0
mcca,0.0820679012345679,CELL,64,1,4,32.0
mcca,0.0820679012345679,CELL,128,1,4,32.0
mcca,0.0820679012345679,CELL,256,1,4,32.0
mcca,0.0820679012345679,CELL,512,2,8,16.0
aug2dc,8.771545107670716e-05,CELL,32,1,8,4.0
aug2dc,8.771545107670716e-05,CELL,64,1,4,4.0
aug2dc,8.771545107670716e-05,CELL,128,1,4,4.0
aug2dc,8.771545107670716e-05,CELL,256,1,8,4.0
aug2dc,8.771545107670716e-05,CELL,512,1,8,4.0
c-46,0.0005863238550058072,CELL,32,1,16,16.0
c-46,0.0005863238550058072,CELL,64,1,8,16.0
c-46,0.0005863238550058072,CELL,128,1,16,16.0
c-46,0.0005863238550058072,CELL,256,1,8,16.0
c-46,0.0005863238550058072,CELL,512,1,16,16.0
lowThrust_13,0.0006588214872153999,CELL,32,1,32,16.0
lowThrust_13,0.0006588214872153999,CELL,64,1,16,16.0
lowThrust_13,0.0006588214872153999,CELL,128,1,8,16.0
lowThrust_13,0.0006588214872153999,CELL,256,2,16,16.0
lowThrust_13,0.0006588214872153999,CELL,512,2,16,16.0
will199,0.017701573192596146,CELL,32,4,1,2.5
will199,0.017701573192596146,CELL,64,4,1,2.5
will199,0.017701573192596146,CELL,128,1,1,4.0
will199,0.017701573192596146,CELL,256,1,1,4.0
will199,0.017701573192596146,CELL,512,1,4,4.0
shallow_water2,4.8828125e-05,CELL,32,1,16,4.0
shallow_water2,4.8828125e-05,CELL,64,1,8,4.0
shallow_water2,4.8828125e-05,CELL,128,1,8,4.0
shallow_water2,4.8828125e-05,CELL,256,1,8,4.0
shallow_water2,4.8828125e-05,CELL,512,1,8,4.0
para-9,0.00022278268146573585,CELL,32,1,8,32.0
para-9,0.00022278268146573585,CELL,64,1,16,32.0
para-9,0.00022278268146573585,CELL,128,1,32,32.0
para-9,0.00022278268146573585,CELL,256,1,32,32.0
para-9,0.00022278268146573585,CELL,512,1,32,32.0
adder_dcop_31,0.003421389127795242,CELL,32,1,8,8.0
adder_dcop_31,0.003421389127795242,CELL,64,1,8,8.0
adder_dcop_31,0.003421389127795242,CELL,128,1,8,8.0
adder_dcop_31,0.003421389127795242,CELL,256,1,8,8.0
adder_dcop_31,0.003421389127795242,CELL,512,1,8,8.0
cca,5.764431423611111e-05,CELL,32,1,16,4.0
cca,5.764431423611111e-05,CELL,64,1,8,4.0
cca,5.764431423611111e-05,CELL,128,1,8,4.0
cca,5.764431423611111e-05,CELL,256,1,8,4.0
cca,5.764431423611111e-05,CELL,512,1,8,4.0
mouse_gene,0.014240837784568902,CELL,32,8,16,512.0
mouse_gene,0.014240837784568902,CELL,64,8,32,512.0
mouse_gene,0.014240837784568902,CELL,128,32,32,216.0
mouse_gene,0.014240837784568902,CELL,256,32,32,216.0
mouse_gene,0.014240837784568902,CELL,512,32,32,216.0
ex8,0.011094585661919355,CELL,32,2,16,32.0
ex8,0.011094585661919355,CELL,64,4,16,32.0
ex8,0.011094585661919355,CELL,128,2,16,32.0
ex8,0.011094585661919355,CELL,256,2,16,32.0
ex8,0.011094585661919355,CELL,512,2,16,32.0
kineticBatchReactor_6,0.0013654525509459036,CELL,32,1,16,16.0
kineticBatchReactor_6,0.0013654525509459036,CELL,64,1,8,16.0
kineticBatchReactor_6,0.0013654525509459036,CELL,128,1,16,16.0
kineticBatchReactor_6,0.0013654525509459036,CELL,256,2,16,12.0
kineticBatchReactor_6,0.0013654525509459036,CELL,512,2,16,12.0
west2021,0.001800246349500458,CELL,32,2,2,4.0
west2021,0.001800246349500458,CELL,64,2,2,4.0
west2021,0.001800246349500458,CELL,128,2,2,4.0
west2021,0.001800246349500458,CELL,256,2,4,4.0
west2021,0.001800246349500458,CELL,512,1,4,4.0
jazz,0.13988368533823078,CELL,32,2,8,16.0
jazz,0.13988368533823078,CELL,64,1,4,32.0
jazz,0.13988368533823078,CELL,128,2,4,16.0
jazz,0.13988368533823078,CELL,256,2,8,16.0
jazz,0.13988368533823078,CELL,512,2,16,16.0
rbsa480,0.07416666666666667,CELL,32,1,8,64.0
rbsa480,0.07416666666666667,CELL,64,1,8,64.0
rbsa480,0.07416666666666667,CELL,128,2,8,32.0
rbsa480,0.07416666666666667,CELL,256,1,8,64.0
rbsa480,0.07416666666666667,CELL,512,1,8,64.0
steam2,0.03822222222222222,CELL,32,2,4,16.0
steam2,0.03822222222222222,CELL,64,2,4,16.0
steam2,0.03822222222222222,CELL,128,2,8,16.0
steam2,0.03822222222222222,CELL,256,1,8,32.0
steam2,0.03822222222222222,CELL,512,2,8,16.0
cavity13,0.011323008435579752,CELL,32,1,16,32.0
cavity13,0.011323008435579752,CELL,64,1,8,32.0
cavity13,0.011323008435579752,CELL,128,1,8,32.0
cavity13,0.011323008435579752,CELL,256,1,8,32.0
cavity13,0.011323008435579752,CELL,512,1,8,32.0
power,0.0005401933464547722,CELL,32,1,4,4.0
power,0.0005401933464547722,CELL,64,1,4,4.0
power,0.0005401933464547722,CELL,128,1,4,4.0
power,0.0005401933464547722,CELL,256,1,4,4.0
power,0.0005401933464547722,CELL,512,1,4,4.0
g7jac100,0.00043870553603464425,CELL,32,2,16,64.0
g7jac100,0.00043870553603464425,CELL,64,4,16,44.0
g7jac100,0.00043870553603464425,CELL,128,4,16,44.0
g7jac100,0.00043870553603464425,CELL,256,4,16,44.0
g7jac100,0.00043870553603464425,CELL,512,4,16,44.0
sx-stackoverflow,5.351835809074397e-06,CELL,32,8,16,26.0
sx-stackoverflow,5.351835809074397e-06,CELL,64,1,16,32.0
sx-stackoverflow,5.351835809074397e-06,CELL,128,1,32,32.0
sx-stackoverflow,5.351835809074397e-06,CELL,256,1,32,32.0
sx-stackoverflow,5.351835809074397e-06,CELL,512,1,32,32.0
appu,0.009454612244897959,CELL,32,1,16,128.0
appu,0.009454612244897959,CELL,64,1,16,128.0
appu,0.009454612244897959,CELL,128,1,16,128.0
appu,0.009454612244897959,CELL,256,1,16,128.0
appu,0.009454612244897959,CELL,512,1,16,128.0
mycielskian15,0.01839799066324878,CELL,32,1,32,512.0
mycielskian15,0.01839799066324878,CELL,64,1,32,512.0
mycielskian15,0.01839799066324878,CELL,128,1,128,512.0
mycielskian15,0.01839799066324878,CELL,256,1,128,512.0
mycielskian15,0.01839799066324878,CELL,512,1,128,512.0
Trefethen_20,0.395,CELL,32,1,2,8.0
Trefethen_20,0.395,CELL,64,1,2,8.0
Trefethen_20,0.395,CELL,128,1,1,8.0
Trefethen_20,0.395,CELL,256,1,1,8.0
Trefethen_20,0.395,CELL,512,1,4,8.0
gupta2,0.001102895137027593,CELL,32,4,32,64.0
gupta2,0.001102895137027593,CELL,64,4,32,64.0
gupta2,0.001102895137027593,CELL,128,4,32,64.0
gupta2,0.001102895137027593,CELL,256,4,32,64.0
gupta2,0.001102895137027593,CELL,512,4,64,64.0
ibm_matrix_2,0.00039918822612278264,CELL,32,1,8,32.0
ibm_matrix_2,0.00039918822612278264,CELL,64,1,8,32.0
ibm_matrix_2,0.00039918822612278264,CELL,128,2,32,32.0
ibm_matrix_2,0.00039918822612278264,CELL,256,16,16,16.0
ibm_matrix_2,0.00039918822612278264,CELL,512,16,32,16.0
cavity02,0.07291345321378459,CELL,32,1,2,32.0
cavity02,0.07291345321378459,CELL,64,1,4,32.0
cavity02,0.07291345321378459,CELL,128,1,4,32.0
cavity02,0.07291345321378459,CELL,256,1,8,32.0
cavity02,0.07291345321378459,CELL,512,1,8,32.0
EPA,0.00039368550408256037,CELL,32,1,4,16.0
EPA,0.00039368550408256037,CELL,64,1,4,16.0
EPA,0.00039368550408256037,CELL,128,1,4,16.0
EPA,0.00039368550408256037,CELL,256,1,4,16.0
EPA,0.00039368550408256037,CELL,512,1,4,16.0
rdb450,0.01274074074074074,CELL,32,1,2,8.0
rdb450,0.01274074074074074,CELL,64,1,4,8.0
rdb450,0.01274074074074074,CELL,128,1,4,8.0
rdb450,0.01274074074074074,CELL,256,1,4,8.0
rdb450,0.01274074074074074,CELL,512,1,8,8.0
CAG_mat364,0.10253139717425432,CELL,32,2,4,32.0
CAG_mat364,0.10253139717425432,CELL,64,2,8,32.0
CAG_mat364,0.10253139717425432,CELL,128,2,8,32.0
CAG_mat364,0.10253139717425432,CELL,256,2,8,32.0
CAG_mat364,0.10253139717425432,CELL,512,2,8,32.0
freeFlyingRobot_12,0.001347942623025637,CELL,32,1,8,8.0
freeFlyingRobot_12,0.001347942623025637,CELL,64,1,8,8.0
freeFlyingRobot_12,0.001347942623025637,CELL,128,1,8,8.0
freeFlyingRobot_12,0.001347942623025637,CELL,256,1,8,8.0
freeFlyingRobot_12,0.001347942623025637,CELL,512,1,8,8.0
bcsstm10,0.018731621948861958,CELL,32,2,8,32.0
bcsstm10,0.018731621948861958,CELL,64,1,8,32.0
bcsstm10,0.018731621948861958,CELL,128,1,8,32.0
bcsstm10,0.018731621948861958,CELL,256,1,8,32.0
bcsstm10,0.018731621948861958,CELL,512,1,8,32.0
ca-AstroPh,0.0011242154045752026,CELL,32,1,8,32.0
ca-AstroPh,0.0011242154045752026,CELL,64,1,16,32.0
ca-AstroPh,0.0011242154045752026,CELL,128,1,8,32.0
ca-AstroPh,0.0011242154045752026,CELL,256,1,8,32.0
ca-AstroPh,0.0011242154045752026,CELL,512,1,32,32.0
powersim,0.00026934059798954755,CELL,32,1,8,4.0
powersim,0.00026934059798954755,CELL,64,1,8,4.0
powersim,0.00026934059798954755,CELL,128,1,8,4.0
powersim,0.00026934059798954755,CELL,256,1,8,4.0
powersim,0.00026934059798954755,CELL,512,1,8,4.0
can_96,0.08333333333333333,CELL,32,1,1,16.0
can_96,0.08333333333333333,CELL,64,4,1,4.0
can_96,0.08333333333333333,CELL,128,1,1,16.0
can_96,0.08333333333333333,CELL,256,1,4,16.0
can_96,0.08333333333333333,CELL,512,1,8,16.0
g7jac120,0.00037608407959313265,CELL,32,1,16,64.0
g7jac120,0.00037608407959313265,CELL,64,1,16,64.0
g7jac120,0.00037608407959313265,CELL,128,1,16,64.0
g7jac120,0.00037608407959313265,CELL,256,1,16,64.0
g7jac120,0.00037608407959313265,CELL,512,1,16,64.0
fs_541_2,0.014640513050044246,CELL,32,1,8,8.0
fs_541_2,0.014640513050044246,CELL,64,1,2,8.0
fs_541_2,0.014640513050044246,CELL,128,1,2,8.0
fs_541_2,0.014640513050044246,CELL,256,1,8,8.0
fs_541_2,0.014640513050044246,CELL,512,1,8,8.0
ca-HepTh,0.0005327346755904551,CELL,32,1,8,8.0
ca-HepTh,0.0005327346755904551,CELL,64,1,8,8.0
ca-HepTh,0.0005327346755904551,CELL,128,1,8,8.0
ca-HepTh,0.0005327346755904551,CELL,256,1,8,8.0
ca-HepTh,0.0005327346755904551,CELL,512,1,8,8.0
orsirr_1,0.006464322744839287,CELL,32,1,4,8.0
orsirr_1,0.006464322744839287,CELL,64,1,2,8.0
orsirr_1,0.006464322744839287,CELL,128,1,8,8.0
orsirr_1,0.006464322744839287,CELL,256,1,8,8.0
orsirr_1,0.006464322744839287,CELL,512,1,8,8.0
thermomech_TC,6.81813414957612e-05,CELL,32,1,16,8.0
thermomech_TC,6.81813414957612e-05,CELL,64,1,8,8.0
thermomech_TC,6.81813414957612e-05,CELL,128,1,8,8.0
thermomech_TC,6.81813414957612e-05,CELL,256,1,8,8.0
thermomech_TC,6.81813414957612e-05,CELL,512,1,8,8.0
Goodwin_013,0.014521039307473664,CELL,32,1,8,32.0
Goodwin_013,0.014521039307473664,CELL,64,1,8,32.0
Goodwin_013,0.014521039307473664,CELL,128,1,8,32.0
Goodwin_013,0.014521039307473664,CELL,256,1,8,32.0
Goodwin_013,0.014521039307473664,CELL,512,1,8,32.0
fs_680_3,0.0057223183391003464,CELL,32,4,1,2.5
fs_680_3,0.0057223183391003464,CELL,64,1,2,8.0
fs_680_3,0.0057223183391003464,CELL,128,1,2,8.0
fs_680_3,0.0057223183391003464,CELL,256,1,4,8.0
fs_680_3,0.0057223183391003464,CELL,512,1,4,8.0
GD95_c,0.07466181061394381,CELL,32,1,2,4.0
GD95_c,0.07466181061394381,CELL,64,1,2,4.0
GD95_c,0.07466181061394381,CELL,128,1,1,4.0
GD95_c,0.07466181061394381,CELL,256,1,2,4.0
GD95_c,0.07466181061394381,CELL,512,1,2,4.0
c-64b,0.000275608128167046,CELL,32,1,64,32.0
c-64b,0.000275608128167046,CELL,64,1,16,32.0
c-64b,0.000275608128167046,CELL,128,1,32,32.0
c-64b,0.000275608128167046,CELL,256,1,32,32.0
c-64b,0.000275608128167046,CELL,512,1,32,32.0
Hamrle3,2.6322836707820385e-06,CELL,32,1,16,8.0
Hamrle3,2.6322836707820385e-06,CELL,64,1,8,8.0
Hamrle3,2.6322836707820385e-06,CELL,128,1,8,8.0
Hamrle3,2.6322836707820385e-06,CELL,256,1,8,8.0
Hamrle3,2.6322836707820385e-06,CELL,512,1,8,8.0
SmallW,0.0063386389143964906,CELL,32,1,2,8.0
SmallW,0.0063386389143964906,CELL,64,4,2,8.0
SmallW,0.0063386389143964906,CELL,128,4,2,8.0
SmallW,0.0063386389143964906,CELL,256,2,4,12.0
SmallW,0.0063386389143964906,CELL,512,2,8,12.0
impcol_b,0.08962941683424304,CELL,32,2,1,8.0
impcol_b,0.08962941683424304,CELL,64,2,1,8.0
impcol_b,0.08962941683424304,CELL,128,1,1,8.0
impcol_b,0.08962941683424304,CELL,256,1,1,8.0
impcol_b,0.08962941683424304,CELL,512,1,1,8.0
adder_dcop_05,0.0033760586120526234,CELL,32,1,8,8.0
adder_dcop_05,0.0033760586120526234,CELL,64,1,8,8.0
adder_dcop_05,0.0033760586120526234,CELL,128,1,8,8.0
adder_dcop_05,0.0033760586120526234,CELL,256,1,8,8.0
adder_dcop_05,0.0033760586120526234,CELL,512,1,8,8.0
c-53,0.0004071660805745545,CELL,32,1,16,32.0
c-53,0.0004071660805745545,CELL,64,1,16,32.0
c-53,0.0004071660805745545,CELL,128,1,32,32.0
c-53,0.0004071660805745545,CELL,256,1,32,32.0
c-53,0.0004071660805745545,CELL,512,1,8,32.0
can_187,0.042637764877462896,CELL,32,1,2,8.0
can_187,0.042637764877462896,CELL,64,1,2,8.0
can_187,0.042637764877462896,CELL,128,1,2,8.0
can_187,0.042637764877462896,CELL,256,1,4,8.0
can_187,0.042637764877462896,CELL,512,1,8,8.0
HEP-th-new,0.0004574940327908307,CELL,32,1,16,16.0
HEP-th-new,0.0004574940327908307,CELL,64,1,8,16.0
HEP-th-new,0.0004574940327908307,CELL,128,1,16,16.0
HEP-th-new,0.0004574940327908307,CELL,256,1,8,16.0
HEP-th-new,0.0004574940327908307,CELL,512,1,8,16.0
fpga_dcop_01,0.003958613276001075,CELL,32,1,4,4.0
fpga_dcop_01,0.003958613276001075,CELL,64,1,4,4.0
fpga_dcop_01,0.003958613276001075,CELL,128,1,4,4.0
fpga_dcop_01,0.003958613276001075,CELL,256,1,4,4.0
fpga_dcop_01,0.003958613276001075,CELL,512,1,8,4.0
usroads,1.9832361019731453e-05,CELL,32,1,8,2.0
usroads,1.9832361019731453e-05,CELL,64,1,8,2.0
usroads,1.9832361019731453e-05,CELL,128,1,2,2.0
usroads,1.9832361019731453e-05,CELL,256,1,2,2.0
usroads,1.9832361019731453e-05,CELL,512,1,2,2.0
G51,0.011818,CELL,32,1,4,8.0
G51,0.011818,CELL,64,1,8,8.0
G51,0.011818,CELL,128,1,8,8.0
G51,0.011818,CELL,256,1,8,8.0
G51,0.011818,CELL,512,1,8,8.0
c-57,0.0002830900860615534,CELL,32,1,32,16.0
c-57,0.0002830900860615534,CELL,64,1,16,16.0
c-57,0.0002830900860615534,CELL,128,1,16,16.0
c-57,0.0002830900860615534,CELL,256,1,16,16.0
c-57,0.0002830900860615534,CELL,512,1,16,16.0
as-Skitter,7.710894460355264e-06,CELL,32,1,64,32.0
as-Skitter,7.710894460355264e-06,CELL,64,1,16,32.0
as-Skitter,7.710894460355264e-06,CELL,128,1,16,32.0
as-Skitter,7.710894460355264e-06,CELL,256,1,16,32.0
as-Skitter,7.710894460355264e-06,CELL,512,1,16,32.0
adder_dcop_54,0.003421389127795242,CELL,32,1,8,8.0
adder_dcop_54,0.003421389127795242,CELL,64,1,8,8.0
adder_dcop_54,0.003421389127795242,CELL,128,1,8,8.0
adder_dcop_54,0.003421389127795242,CELL,256,1,8,8.0
adder_dcop_54,0.003421389127795242,CELL,512,1,8,8.0
g7jac040sc,0.000824946890055761,CELL,32,1,8,8.0
g7jac040sc,0.000824946890055761,CELL,64,1,8,8.0
g7jac040sc,0.000824946890055761,CELL,128,1,16,8.0
g7jac040sc,0.000824946890055761,CELL,256,1,16,8.0
g7jac040sc,0.000824946890055761,CELL,512,1,16,8.0
flowmeter0,0.0007208398379365585,CELL,32,1,8,8.0
flowmeter0,0.0007208398379365585,CELL,64,1,8,8.0
flowmeter0,0.0007208398379365585,CELL,128,1,8,8.0
flowmeter0,0.0007208398379365585,CELL,256,1,8,8.0
flowmeter0,0.0007208398379365585,CELL,512,1,8,8.0
lowThrust_4,0.0008750551112859236,CELL,32,1,32,16.0
lowThrust_4,0.0008750551112859236,CELL,64,1,16,16.0
lowThrust_4,0.0008750551112859236,CELL,128,1,16,16.0
lowThrust_4,0.0008750551112859236,CELL,256,1,16,16.0
lowThrust_4,0.0008750551112859236,CELL,512,1,16,16.0
can_161,0.053122950503452795,CELL,32,1,4,16.0
can_161,0.053122950503452795,CELL,64,1,2,16.0
can_161,0.053122950503452795,CELL,128,1,2,16.0
can_161,0.053122950503452795,CELL,256,2,8,8.0
can_161,0.053122950503452795,CELL,512,1,8,16.0
lhr10,0.0020425828830337453,CELL,32,1,32,32.0
lhr10,0.0020425828830337453,CELL,64,1,16,32.0
lhr10,0.0020425828830337453,CELL,128,1,32,32.0
lhr10,0.0020425828830337453,CELL,256,1,32,32.0
lhr10,0.0020425828830337453,CELL,512,1,32,32.0
grid1_dual,0.016741071428571428,CELL,32,1,1,4.0
grid1_dual,0.016741071428571428,CELL,64,1,1,4.0
grid1_dual,0.016741071428571428,CELL,128,1,2,4.0
grid1_dual,0.016741071428571428,CELL,256,1,2,4.0
grid1_dual,0.016741071428571428,CELL,512,1,4,4.0
bfwa398,0.02321911062851948,CELL,32,1,2,8.0
bfwa398,0.02321911062851948,CELL,64,1,2,8.0
bfwa398,0.02321911062851948,CELL,128,1,8,8.0
bfwa398,0.02321911062851948,CELL,256,1,4,8.0
bfwa398,0.02321911062851948,CELL,512,1,8,8.0
lhr14,0.00151182839315258,CELL,32,1,32,32.0
lhr14,0.00151182839315258,CELL,64,1,16,32.0
lhr14,0.00151182839315258,CELL,128,1,32,32.0
lhr14,0.00151182839315258,CELL,256,1,32,32.0
lhr14,0.00151182839315258,CELL,512,1,32,32.0
hor_131,0.02500584000509673,CELL,32,1,2,16.0
hor_131,0.02500584000509673,CELL,64,1,2,16.0
hor_131,0.02500584000509673,CELL,128,1,4,16.0
hor_131,0.02500584000509673,CELL,256,1,8,16.0
hor_131,0.02500584000509673,CELL,512,1,8,16.0
Wordnet3,1.9455311844883557e-05,CELL,32,1,8,8.0
Wordnet3,1.9455311844883557e-05,CELL,64,1,4,8.0
Wordnet3,1.9455311844883557e-05,CELL,128,1,8,8.0
Wordnet3,1.9455311844883557e-05,CELL,256,1,4,8.0
Wordnet3,1.9455311844883557e-05,CELL,512,1,4,8.0
football,0.0963265306122449,CELL,32,1,2,8.0
football,0.0963265306122449,CELL,64,1,2,8.0
football,0.0963265306122449,CELL,128,1,1,8.0
football,0.0963265306122449,CELL,256,1,1,8.0
football,0.0963265306122449,CELL,512,1,2,8.0
c-68,0.0001347525499209456,CELL,32,1,32,16.0
c-68,0.0001347525499209456,CELL,64,1,16,16.0
c-68,0.0001347525499209456,CELL,128,1,8,16.0
c-68,0.0001347525499209456,CELL,256,1,8,16.0
c-68,0.0001347525499209456,CELL,512,1,8,16.0
Erdos991,0.011707647564280521,CELL,32,1,2,8.0
Erdos991,0.011707647564280521,CELL,64,1,1,8.0
Erdos991,0.011707647564280521,CELL,128,1,2,8.0
Erdos991,0.011707647564280521,CELL,256,1,4,8.0
Erdos991,0.011707647564280521,CELL,512,1,4,8.0
fpga_dcop_17,0.003958613276001075,CELL,32,1,4,4.0
fpga_dcop_17,0.003958613276001075,CELL,64,1,4,4.0
fpga_dcop_17,0.003958613276001075,CELL,128,1,4,4.0
fpga_dcop_17,0.003958613276001075,CELL,256,1,4,4.0
fpga_dcop_17,0.003958613276001075,CELL,512,1,8,4.0
spaceStation_14,0.009043723973825104,CELL,32,1,8,16.0
spaceStation_14,0.009043723973825104,CELL,64,1,4,16.0
spaceStation_14,0.009043723973825104,CELL,128,1,8,16.0
spaceStation_14,0.009043723973825104,CELL,256,1,8,16.0
spaceStation_14,0.009043723973825104,CELL,512,1,8,16.0
c-29,0.0017263766275504382,CELL,32,1,8,16.0
c-29,0.0017263766275504382,CELL,64,1,8,16.0
c-29,0.0017263766275504382,CELL,128,1,8,16.0
c-29,0.0017263766275504382,CELL,256,1,8,16.0
c-29,0.0017263766275504382,CELL,512,1,8,16.0
GD02_a,0.16446124763705103,CELL,32,8,1,1.5
GD02_a,0.16446124763705103,CELL,64,1,1,4.0
GD02_a,0.16446124763705103,CELL,128,1,1,4.0
GD02_a,0.16446124763705103,CELL,256,1,1,4.0
GD02_a,0.16446124763705103,CELL,512,1,1,4.0
rajat22,0.00012391498061666586,CELL,32,2,8,4.0
rajat22,0.00012391498061666586,CELL,64,1,8,4.0
rajat22,0.00012391498061666586,CELL,128,1,8,4.0
rajat22,0.00012391498061666586,CELL,256,1,8,4.0
rajat22,0.00012391498061666586,CELL,512,16,8,4.0
cavity14,0.011323008435579752,CELL,32,4,16,32.0
cavity14,0.011323008435579752,CELL,64,8,8,30.0
cavity14,0.011323008435579752,CELL,128,8,8,30.0
cavity14,0.011323008435579752,CELL,256,1,8,32.0
cavity14,0.011323008435579752,CELL,512,1,16,32.0
2D_54019_highK,0.00034146542855678386,CELL,32,1,32,32.0
2D_54019_highK,0.00034146542855678386,CELL,64,1,8,32.0
2D_54019_highK,0.00034146542855678386,CELL,128,1,8,32.0
2D_54019_highK,0.00034146542855678386,CELL,256,1,8,32.0
2D_54019_highK,0.00034146542855678386,CELL,512,1,32,32.0
msc00726,0.06548960681192086,CELL,32,2,8,32.0
msc00726,0.06548960681192086,CELL,64,2,8,32.0
msc00726,0.06548960681192086,CELL,128,2,16,32.0
msc00726,0.06548960681192086,CELL,256,2,16,32.0
msc00726,0.06548960681192086,CELL,512,2,16,32.0
TSOPF_FS_b300_c1,0.005155640994343908,CELL,32,1,64,512.0
TSOPF_FS_b300_c1,0.005155640994343908,CELL,64,1,32,512.0
TSOPF_FS_b300_c1,0.005155640994343908,CELL,128,1,64,512.0
TSOPF_FS_b300_c1,0.005155640994343908,CELL,256,1,64,512.0
TSOPF_FS_b300_c1,0.005155640994343908,CELL,512,1,64,512.0
G12,0.005,CELL,32,1,1,4.0
G12,0.005,CELL,64,1,4,4.0
G12,0.005,CELL,128,1,4,4.0
G12,0.005,CELL,256,1,4,4.0
G12,0.005,CELL,512,1,4,4.0
msc10848,0.010450266514605686,CELL,32,2,16,96.0
msc10848,0.010450266514605686,CELL,64,2,32,96.0
msc10848,0.010450266514605686,CELL,128,2,32,96.0
msc10848,0.010450266514605686,CELL,256,2,32,96.0
msc10848,0.010450266514605686,CELL,512,2,32,96.0
sx-askubuntu,2.3518347370016487e-05,CELL,32,1,16,16.0
sx-askubuntu,2.3518347370016487e-05,CELL,64,1,16,16.0
sx-askubuntu,2.3518347370016487e-05,CELL,128,1,8,16.0
sx-askubuntu,2.3518347370016487e-05,CELL,256,1,8,16.0
sx-askubuntu,2.3518347370016487e-05,CELL,512,1,8,16.0
dwt_503,0.02382128698979088,CELL,32,1,4,16.0
dwt_503,0.02382128698979088,CELL,64,1,4,16.0
dwt_503,0.02382128698979088,CELL,128,2,4,16.0
dwt_503,0.02382128698979088,CELL,256,2,8,16.0
dwt_503,0.02382128698979088,CELL,512,2,8,16.0
adder_dcop_50,0.003421389127795242,CELL,32,1,8,8.0
adder_dcop_50,0.003421389127795242,CELL,64,1,8,8.0
adder_dcop_50,0.003421389127795242,CELL,128,1,8,8.0
adder_dcop_50,0.003421389127795242,CELL,256,1,8,8.0
adder_dcop_50,0.003421389127795242,CELL,512,1,8,8.0
vsp_sctap1-2b_and_seymourl,0.00017451714850724435,CELL,32,1,16,8.0
vsp_sctap1-2b_and_seymourl,0.00017451714850724435,CELL,64,1,8,8.0
vsp_sctap1-2b_and_seymourl,0.00017451714850724435,CELL,128,1,8,8.0
vsp_sctap1-2b_and_seymourl,0.00017451714850724435,CELL,256,1,8,8.0
vsp_sctap1-2b_and_seymourl,0.00017451714850724435,CELL,512,1,8,8.0
3elt_dual,0.00032785185185185185,CELL,32,1,8,4.0
3elt_dual,0.00032785185185185185,CELL,64,1,4,4.0
3elt_dual,0.00032785185185185185,CELL,128,1,4,4.0
3elt_dual,0.00032785185185185185,CELL,256,1,4,4.0
3elt_dual,0.00032785185185185185,CELL,512,1,4,4.0
lock2232,0.016129032258064516,CELL,32,1,16,32.0
lock2232,0.016129032258064516,CELL,64,1,16,32.0
lock2232,0.016129032258064516,CELL,128,2,16,32.0
lock2232,0.016129032258064516,CELL,256,2,16,32.0
lock2232,0.016129032258064516,CELL,512,2,16,32.0
adder_dcop_37,0.003421389127795242,CELL,32,1,8,8.0
adder_dcop_37,0.003421389127795242,CELL,64,1,8,8.0
adder_dcop_37,0.003421389127795242,CELL,128,1,8,8.0
adder_dcop_37,0.003421389127795242,CELL,256,1,8,8.0
adder_dcop_37,0.003421389127795242,CELL,512,1,8,8.0
GaAsH6,0.000898533139944229,CELL,32,2,16,1024.0
GaAsH6,0.000898533139944229,CELL,64,8,32,208.0
GaAsH6,0.000898533139944229,CELL,128,8,32,208.0
GaAsH6,0.000898533139944229,CELL,256,8,32,208.0
GaAsH6,0.000898533139944229,CELL,512,8,64,208.0
fs_183_1,0.03192092926035415,CELL,32,1,2,4.0
fs_183_1,0.03192092926035415,CELL,64,1,2,4.0
fs_183_1,0.03192092926035415,CELL,128,1,1,4.0
fs_183_1,0.03192092926035415,CELL,256,1,2,4.0
fs_183_1,0.03192092926035415,CELL,512,1,2,4.0
cegb3306,0.0068543911251939225,CELL,32,1,8,32.0
cegb3306,0.0068543911251939225,CELL,64,8,8,24.0
cegb3306,0.0068543911251939225,CELL,128,8,8,24.0
cegb3306,0.0068543911251939225,CELL,256,8,8,24.0
cegb3306,0.0068543911251939225,CELL,512,8,8,24.0
dwt_87,0.07147575637468621,CELL,32,1,2,8.0
dwt_87,0.07147575637468621,CELL,64,1,1,8.0
dwt_87,0.07147575637468621,CELL,128,1,1,8.0
dwt_87,0.07147575637468621,CELL,256,1,4,8.0
dwt_87,0.07147575637468621,CELL,512,1,4,8.0
big_dual,9.807551592288548e-05,CELL,32,1,8,4.0
big_dual,9.807551592288548e-05,CELL,64,1,4,4.0
big_dual,9.807551592288548e-05,CELL,128,1,4,4.0
big_dual,9.807551592288548e-05,CELL,256,1,8,4.0
big_dual,9.807551592288548e-05,CELL,512,1,8,4.0
G37,0.0058925,CELL,32,1,8,8.0
G37,0.0058925,CELL,64,1,8,8.0
G37,0.0058925,CELL,128,1,8,8.0
G37,0.0058925,CELL,256,1,8,8.0
G37,0.0058925,CELL,512,1,8,8.0
G14,0.01466875,CELL,32,1,8,8.0
G14,0.01466875,CELL,64,1,8,8.0
G14,0.01466875,CELL,128,1,8,8.0
G14,0.01466875,CELL,256,1,8,8.0
G14,0.01466875,CELL,512,1,8,8.0
spaceStation_1,0.0945821854912764,CELL,32,1,4,16.0
spaceStation_1,0.0945821854912764,CELL,64,8,1,3.75
spaceStation_1,0.0945821854912764,CELL,128,1,1,16.0
spaceStation_1,0.0945821854912764,CELL,256,1,1,16.0
spaceStation_1,0.0945821854912764,CELL,512,1,4,16.0
bcsstm25,6.477103439341926e-05,CELL,32,1,8,1.0
bcsstm25,6.477103439341926e-05,CELL,64,1,4,1.0
bcsstm25,6.477103439341926e-05,CELL,128,1,2,1.0
bcsstm25,6.477103439341926e-05,CELL,256,1,2,1.0
bcsstm25,6.477103439341926e-05,CELL,512,1,2,1.0
fpga_dcop_10,0.003953238376780435,CELL,32,1,2,4.0
fpga_dcop_10,0.003953238376780435,CELL,64,1,2,4.0
fpga_dcop_10,0.003953238376780435,CELL,128,1,4,4.0
fpga_dcop_10,0.003953238376780435,CELL,256,1,4,4.0
fpga_dcop_10,0.003953238376780435,CELL,512,1,4,4.0
can_715,0.013037312338011638,CELL,32,1,4,16.0
can_715,0.013037312338011638,CELL,64,1,4,16.0
can_715,0.013037312338011638,CELL,128,1,8,16.0
can_715,0.013037312338011638,CELL,256,1,8,16.0
can_715,0.013037312338011638,CELL,512,1,8,16.0
dynamicSoaringProblem_4,0.003586159404569476,CELL,32,1,8,16.0
dynamicSoaringProblem_4,0.003586159404569476,CELL,64,1,8,16.0
dynamicSoaringProblem_4,0.003586159404569476,CELL,128,1,8,16.0
dynamicSoaringProblem_4,0.003586159404569476,CELL,256,1,8,16.0
dynamicSoaringProblem_4,0.003586159404569476,CELL,512,1,8,16.0
fpga_dcop_28,0.003958613276001075,CELL,32,1,4,4.0
fpga_dcop_28,0.003958613276001075,CELL,64,1,4,4.0
fpga_dcop_28,0.003958613276001075,CELL,128,1,4,4.0
fpga_dcop_28,0.003958613276001075,CELL,256,1,4,4.0
fpga_dcop_28,0.003958613276001075,CELL,512,1,8,4.0
rajat12,0.0036610915694912055,CELL,32,1,8,8.0
rajat12,0.0036610915694912055,CELL,64,1,8,8.0
rajat12,0.0036610915694912055,CELL,128,1,8,8.0
rajat12,0.0036610915694912055,CELL,256,1,8,8.0
rajat12,0.0036610915694912055,CELL,512,1,8,8.0
hep-th,0.00045063163887568906,CELL,32,1,8,8.0
hep-th,0.00045063163887568906,CELL,64,1,4,8.0
hep-th,0.00045063163887568906,CELL,128,1,8,8.0
hep-th,0.00045063163887568906,CELL,256,1,8,8.0
hep-th,0.00045063163887568906,CELL,512,1,8,8.0
mesh2em5,0.021551540005980606,CELL,32,1,4,8.0
mesh2em5,0.021551540005980606,CELL,64,1,2,8.0
mesh2em5,0.021551540005980606,CELL,128,1,4,8.0
mesh2em5,0.021551540005980606,CELL,256,1,2,8.0
mesh2em5,0.021551540005980606,CELL,512,1,8,8.0
boyd2,6.899943795024094e-06,CELL,32,1,64,4.0
boyd2,6.899943795024094e-06,CELL,64,1,64,4.0
boyd2,6.899943795024094e-06,CELL,128,1,128,4.0
boyd2,6.899943795024094e-06,CELL,256,1,32,4.0
boyd2,6.899943795024094e-06,CELL,512,1,32,4.0
str_400,0.02395859420652809,CELL,32,1,2,16.0
str_400,0.02395859420652809,CELL,64,1,2,16.0
str_400,0.02395859420652809,CELL,128,1,2,16.0
str_400,0.02395859420652809,CELL,256,1,4,16.0
str_400,0.02395859420652809,CELL,512,1,4,16.0
lowThrust_5,0.0007501116154467339,CELL,32,1,32,16.0
lowThrust_5,0.0007501116154467339,CELL,64,1,16,16.0
lowThrust_5,0.0007501116154467339,CELL,128,1,16,16.0
lowThrust_5,0.0007501116154467339,CELL,256,1,16,16.0
lowThrust_5,0.0007501116154467339,CELL,512,1,16,16.0
saylr3,0.00375,CELL,32,1,2,8.0
saylr3,0.00375,CELL,64,1,2,8.0
saylr3,0.00375,CELL,128,1,2,8.0
saylr3,0.00375,CELL,256,1,2,8.0
saylr3,0.00375,CELL,512,1,2,8.0
jagmesh2,0.006743078399459375,CELL,32,1,4,8.0
jagmesh2,0.006743078399459375,CELL,64,1,4,8.0
jagmesh2,0.006743078399459375,CELL,128,1,8,8.0
jagmesh2,0.006743078399459375,CELL,256,1,8,8.0
jagmesh2,0.006743078399459375,CELL,512,1,8,8.0
a0nsdsil,5.545187953011277e-05,CELL,32,1,32,4.0
a0nsdsil,5.545187953011277e-05,CELL,64,1,16,4.0
a0nsdsil,5.545187953011277e-05,CELL,128,1,32,4.0
a0nsdsil,5.545187953011277e-05,CELL,256,1,64,4.0
a0nsdsil,5.545187953011277e-05,CELL,512,1,64,4.0
333SP,1.611699216330274e-06,CELL,32,1,16,8.0
333SP,1.611699216330274e-06,CELL,64,1,16,8.0
333SP,1.611699216330274e-06,CELL,128,1,16,8.0
333SP,1.611699216330274e-06,CELL,256,1,64,8.0
333SP,1.611699216330274e-06,CELL,512,1,16,8.0
shock-9,0.00010716283547529328,CELL,32,1,8,4.0
shock-9,0.00010716283547529328,CELL,64,1,4,4.0
shock-9,0.00010716283547529328,CELL,128,1,4,4.0
shock-9,0.00010716283547529328,CELL,256,1,8,4.0
shock-9,0.00010716283547529328,CELL,512,1,8,4.0
rajat02,0.002912067888379842,CELL,32,1,8,4.0
rajat02,0.002912067888379842,CELL,64,1,4,4.0
rajat02,0.002912067888379842,CELL,128,2,4,4.0
rajat02,0.002912067888379842,CELL,256,2,8,4.0
rajat02,0.002912067888379842,CELL,512,1,8,4.0
Goodwin_023,0.0050517990489468605,CELL,32,1,16,32.0
Goodwin_023,0.0050517990489468605,CELL,64,1,8,32.0
Goodwin_023,0.0050517990489468605,CELL,128,1,8,32.0
Goodwin_023,0.0050517990489468605,CELL,256,1,8,32.0
Goodwin_023,0.0050517990489468605,CELL,512,1,8,32.0
jagmesh8,0.005734011019440333,CELL,32,1,2,8.0
jagmesh8,0.005734011019440333,CELL,64,1,4,8.0
jagmesh8,0.005734011019440333,CELL,128,1,8,8.0
jagmesh8,0.005734011019440333,CELL,256,1,8,8.0
jagmesh8,0.005734011019440333,CELL,512,1,8,8.0
bfwa62,0.11706555671175858,CELL,32,1,2,8.0
bfwa62,0.11706555671175858,CELL,64,2,2,6.0
bfwa62,0.11706555671175858,CELL,128,1,2,8.0
bfwa62,0.11706555671175858,CELL,256,1,1,8.0
bfwa62,0.11706555671175858,CELL,512,1,2,8.0
fpga_dcop_19,0.003958613276001075,CELL,32,1,4,4.0
fpga_dcop_19,0.003958613276001075,CELL,64,1,2,4.0
fpga_dcop_19,0.003958613276001075,CELL,128,1,4,4.0
fpga_dcop_19,0.003958613276001075,CELL,256,1,4,4.0
fpga_dcop_19,0.003958613276001075,CELL,512,1,4,4.0
p2p-Gnutella06,0.0004148785707341774,CELL,32,1,8,16.0
p2p-Gnutella06,0.0004148785707341774,CELL,64,1,8,16.0
p2p-Gnutella06,0.0004148785707341774,CELL,128,1,8,16.0
p2p-Gnutella06,0.0004148785707341774,CELL,256,1,8,16.0
p2p-Gnutella06,0.0004148785707341774,CELL,512,1,8,16.0
roadNet-TX,1.979545692335106e-06,CELL,32,1,8,4.0
roadNet-TX,1.979545692335106e-06,CELL,64,1,8,4.0
roadNet-TX,1.979545692335106e-06,CELL,128,1,8,4.0
roadNet-TX,1.979545692335106e-06,CELL,256,1,8,4.0
roadNet-TX,1.979545692335106e-06,CELL,512,1,8,4.0
can_256,0.04449462890625,CELL,32,1,4,16.0
can_256,0.04449462890625,CELL,64,1,4,16.0
can_256,0.04449462890625,CELL,128,1,4,16.0
can_256,0.04449462890625,CELL,256,1,4,16.0
can_256,0.04449462890625,CELL,512,1,4,16.0
barrier2-4,0.00029759220279053226,CELL,32,1,8,32.0
barrier2-4,0.00029759220279053226,CELL,64,1,16,32.0
barrier2-4,0.00029759220279053226,CELL,128,1,8,32.0
barrier2-4,0.00029759220279053226,CELL,256,1,8,32.0
barrier2-4,0.00029759220279053226,CELL,512,1,8,32.0
spaceStation_7,0.014193331653649114,CELL,32,1,8,32.0
spaceStation_7,0.014193331653649114,CELL,64,1,4,32.0
spaceStation_7,0.014193331653649114,CELL,128,1,8,32.0
spaceStation_7,0.014193331653649114,CELL,256,1,8,32.0
spaceStation_7,0.014193331653649114,CELL,512,1,8,32.0
bcsstk10,0.018712968332943305,CELL,32,2,8,32.0
bcsstk10,0.018712968332943305,CELL,64,1,8,32.0
bcsstk10,0.018712968332943305,CELL,128,1,8,32.0
bcsstk10,0.018712968332943305,CELL,256,1,8,32.0
bcsstk10,0.018712968332943305,CELL,512,1,8,32.0
g7jac040,0.000824946890055761,CELL,32,1,8,8.0
g7jac040,0.000824946890055761,CELL,64,1,8,8.0
g7jac040,0.000824946890055761,CELL,128,1,8,8.0
g7jac040,0.000824946890055761,CELL,256,1,16,8.0
g7jac040,0.000824946890055761,CELL,512,1,16,8.0
bcspwr03,0.03418557885665039,CELL,32,4,1,4.0
bcspwr03,0.03418557885665039,CELL,64,1,2,4.0
bcspwr03,0.03418557885665039,CELL,128,1,1,4.0
bcspwr03,0.03418557885665039,CELL,256,1,2,4.0
bcspwr03,0.03418557885665039,CELL,512,1,4,4.0
matrix_9,0.00019831712697294365,CELL,32,1,8,32.0
matrix_9,0.00019831712697294365,CELL,64,1,8,32.0
matrix_9,0.00019831712697294365,CELL,128,2,32,32.0
matrix_9,0.00019831712697294365,CELL,256,2,32,32.0
matrix_9,0.00019831712697294365,CELL,512,2,32,32.0
mimo8x8_system,0.00027591115676559795,CELL,32,1,8,8.0
mimo8x8_system,0.00027591115676559795,CELL,64,1,8,8.0
mimo8x8_system,0.00027591115676559795,CELL,128,1,4,8.0
mimo8x8_system,0.00027591115676559795,CELL,256,1,8,8.0
mimo8x8_system,0.00027591115676559795,CELL,512,1,8,8.0
MISKnowledgeMap,0.009680613765377112,CELL,32,1,8,32.0
MISKnowledgeMap,0.009680613765377112,CELL,64,1,4,32.0
MISKnowledgeMap,0.009680613765377112,CELL,128,1,8,32.0
MISKnowledgeMap,0.009680613765377112,CELL,256,1,8,32.0
MISKnowledgeMap,0.009680613765377112,CELL,512,1,8,32.0
spaceShuttleEntry_3,0.008549582644082631,CELL,32,1,8,16.0
spaceShuttleEntry_3,0.008549582644082631,CELL,64,1,8,16.0
spaceShuttleEntry_3,0.008549582644082631,CELL,128,1,8,16.0
spaceShuttleEntry_3,0.008549582644082631,CELL,256,1,8,16.0
spaceShuttleEntry_3,0.008549582644082631,CELL,512,1,16,16.0
TSOPF_RS_b162_c1,0.007112184276691492,CELL,32,1,16,128.0
TSOPF_RS_b162_c1,0.007112184276691492,CELL,64,1,16,128.0
TSOPF_RS_b162_c1,0.007112184276691492,CELL,128,1,16,128.0
TSOPF_RS_b162_c1,0.007112184276691492,CELL,256,1,16,128.0
TSOPF_RS_b162_c1,0.007112184276691492,CELL,512,1,16,128.0
pre2,1.3720805681887336e-05,CELL,32,1,8,8.0
pre2,1.3720805681887336e-05,CELL,64,1,8,8.0
pre2,1.3720805681887336e-05,CELL,128,1,8,8.0
pre2,1.3720805681887336e-05,CELL,256,1,8,8.0
pre2,1.3720805681887336e-05,CELL,512,1,8,8.0
c-26,0.0018618078927134618,CELL,32,1,8,8.0
c-26,0.0018618078927134618,CELL,64,1,8,8.0
c-26,0.0018618078927134618,CELL,128,1,8,8.0
c-26,0.0018618078927134618,CELL,256,1,8,8.0
c-26,0.0018618078927134618,CELL,512,1,8,8.0
delaunay_n16,9.153736755251884e-05,CELL,32,1,16,8.0
delaunay_n16,9.153736755251884e-05,CELL,64,1,8,8.0
delaunay_n16,9.153736755251884e-05,CELL,128,1,4,8.0
delaunay_n16,9.153736755251884e-05,CELL,256,1,4,8.0
delaunay_n16,9.153736755251884e-05,CELL,512,1,4,8.0
rajat21,1.11718319246966e-05,CELL,32,1,64,4.0
rajat21,1.11718319246966e-05,CELL,64,1,64,4.0
rajat21,1.11718319246966e-05,CELL,128,1,128,4.0
rajat21,1.11718319246966e-05,CELL,256,1,512,4.0
rajat21,1.11718319246966e-05,CELL,512,1,512,4.0
t520,0.009252634724906339,CELL,32,2,16,64.0
t520,0.009252634724906339,CELL,64,2,16,64.0
t520,0.009252634724906339,CELL,128,2,16,64.0
t520,0.009252634724906339,CELL,256,2,16,64.0
t520,0.009252634724906339,CELL,512,2,16,64.0
lowThrust_2,0.004912873708408664,CELL,32,1,8,16.0
lowThrust_2,0.004912873708408664,CELL,64,1,8,16.0
lowThrust_2,0.004912873708408664,CELL,128,1,8,16.0
lowThrust_2,0.004912873708408664,CELL,256,1,8,16.0
lowThrust_2,0.004912873708408664,CELL,512,1,8,16.0
barrier2-12,0.00029153384718772824,CELL,32,1,8,32.0
barrier2-12,0.00029153384718772824,CELL,64,1,32,32.0
barrier2-12,0.00029153384718772824,CELL,128,1,32,32.0
barrier2-12,0.00029153384718772824,CELL,256,1,32,32.0
barrier2-12,0.00029153384718772824,CELL,512,1,32,32.0
robot,0.06041666666666667,CELL,32,8,1,5.5
robot,0.06041666666666667,CELL,64,1,2,8.0
robot,0.06041666666666667,CELL,128,2,1,12.0
robot,0.06041666666666667,CELL,256,1,4,8.0
robot,0.06041666666666667,CELL,512,1,4,8.0
piston,0.024390184423106233,CELL,32,1,16,64.0
piston,0.024390184423106233,CELL,64,1,16,64.0
piston,0.024390184423106233,CELL,128,1,16,64.0
piston,0.024390184423106233,CELL,256,1,16,64.0
piston,0.024390184423106233,CELL,512,1,16,64.0
kineticBatchReactor_7,0.0013310647207303108,CELL,32,1,16,16.0
kineticBatchReactor_7,0.0013310647207303108,CELL,64,1,16,16.0
kineticBatchReactor_7,0.0013310647207303108,CELL,128,1,8,16.0
kineticBatchReactor_7,0.0013310647207303108,CELL,256,2,16,12.0
kineticBatchReactor_7,0.0013310647207303108,CELL,512,2,16,12.0
fpga_dcop_16,0.003958613276001075,CELL,32,1,4,4.0
fpga_dcop_16,0.003958613276001075,CELL,64,1,2,4.0
fpga_dcop_16,0.003958613276001075,CELL,128,1,4,4.0
fpga_dcop_16,0.003958613276001075,CELL,256,1,4,4.0
fpga_dcop_16,0.003958613276001075,CELL,512,1,8,4.0
adder_dcop_23,0.003421389127795242,CELL,32,1,8,8.0
adder_dcop_23,0.003421389127795242,CELL,64,1,8,8.0
adder_dcop_23,0.003421389127795242,CELL,128,1,8,8.0
adder_dcop_23,0.003421389127795242,CELL,256,1,8,8.0
adder_dcop_23,0.003421389127795242,CELL,512,1,8,8.0
Stanford,2.9099249131415e-05,CELL,32,1,64,32.0
Stanford,2.9099249131415e-05,CELL,64,1,64,32.0
Stanford,2.9099249131415e-05,CELL,128,4,16,32.0
Stanford,2.9099249131415e-05,CELL,256,4,16,32.0
Stanford,2.9099249131415e-05,CELL,512,4,16,32.0
c-25,0.003442760661928394,CELL,32,1,8,16.0
c-25,0.003442760661928394,CELL,64,1,8,16.0
c-25,0.003442760661928394,CELL,128,1,8,16.0
c-25,0.003442760661928394,CELL,256,1,8,16.0
c-25,0.003442760661928394,CELL,512,1,8,16.0
tomography,0.114904,CELL,32,1,8,64.0
tomography,0.114904,CELL,64,1,8,64.0
tomography,0.114904,CELL,128,1,8,64.0
tomography,0.114904,CELL,256,1,8,64.0
tomography,0.114904,CELL,512,1,16,64.0
Zd_Jac3,0.0036747510690284912,CELL,32,1,16,256.0
Zd_Jac3,0.0036747510690284912,CELL,64,8,16,136.0
Zd_Jac3,0.0036747510690284912,CELL,128,4,16,128.0
Zd_Jac3,0.0036747510690284912,CELL,256,4,16,128.0
Zd_Jac3,0.0036747510690284912,CELL,512,4,16,128.0
dwt_59,0.0767020970985349,CELL,32,1,2,8.0
dwt_59,0.0767020970985349,CELL,64,1,2,8.0
dwt_59,0.0767020970985349,CELL,128,1,2,8.0
dwt_59,0.0767020970985349,CELL,256,1,2,8.0
dwt_59,0.0767020970985349,CELL,512,1,1,8.0
ss1,2.00539860407088e-05,CELL,32,1,16,8.0
ss1,2.00539860407088e-05,CELL,64,1,8,8.0
ss1,2.00539860407088e-05,CELL,128,1,8,8.0
ss1,2.00539860407088e-05,CELL,256,1,8,8.0
ss1,2.00539860407088e-05,CELL,512,1,8,8.0
fpga_dcop_41,0.003958613276001075,CELL,32,1,4,4.0
fpga_dcop_41,0.003958613276001075,CELL,64,1,4,4.0
fpga_dcop_41,0.003958613276001075,CELL,128,1,4,4.0
fpga_dcop_41,0.003958613276001075,CELL,256,1,4,4.0
fpga_dcop_41,0.003958613276001075,CELL,512,1,8,4.0
tols4000,0.000549,CELL,32,1,2,128.0
tols4000,0.000549,CELL,64,1,2,128.0
tols4000,0.000549,CELL,128,1,4,128.0
tols4000,0.000549,CELL,256,1,4,128.0
tols4000,0.000549,CELL,512,1,4,128.0
mycielskian12,0.04317656979754409,CELL,32,1,16,128.0
mycielskian12,0.04317656979754409,CELL,64,1,16,128.0
mycielskian12,0.04317656979754409,CELL,128,1,32,128.0
mycielskian12,0.04317656979754409,CELL,256,1,32,128.0
mycielskian12,0.04317656979754409,CELL,512,1,8,128.0
vsp_msc10848_300sep_100in_1Kout,0.005047405501259781,CELL,32,2,16,64.0
vsp_msc10848_300sep_100in_1Kout,0.005047405501259781,CELL,64,8,16,32.0
vsp_msc10848_300sep_100in_1Kout,0.005047405501259781,CELL,128,8,32,32.0
vsp_msc10848_300sep_100in_1Kout,0.005047405501259781,CELL,256,8,32,32.0
vsp_msc10848_300sep_100in_1Kout,0.005047405501259781,CELL,512,8,64,32.0
oscil_dcop_19,0.008350459707950243,CELL,32,1,1,4.0
oscil_dcop_19,0.008350459707950243,CELL,64,1,1,4.0
oscil_dcop_19,0.008350459707950243,CELL,128,1,1,4.0
oscil_dcop_19,0.008350459707950243,CELL,256,1,2,4.0
oscil_dcop_19,0.008350459707950243,CELL,512,1,4,4.0
GD06_theory,0.03725124987746299,CELL,32,1,2,32.0
GD06_theory,0.03725124987746299,CELL,64,1,2,32.0
GD06_theory,0.03725124987746299,CELL,128,1,1,32.0
GD06_theory,0.03725124987746299,CELL,256,1,2,32.0
GD06_theory,0.03725124987746299,CELL,512,1,2,32.0
wikipedia-20060925,4.186957196067203e-06,CELL,32,1,16,32.0
wikipedia-20060925,4.186957196067203e-06,CELL,64,1,8,32.0
wikipedia-20060925,4.186957196067203e-06,CELL,128,1,8,32.0
wikipedia-20060925,4.186957196067203e-06,CELL,256,1,8,32.0
wikipedia-20060925,4.186957196067203e-06,CELL,512,1,8,32.0
hangGlider_5,0.0006055967057904701,CELL,32,1,32,8.0
hangGlider_5,0.0006055967057904701,CELL,64,1,16,8.0
hangGlider_5,0.0006055967057904701,CELL,128,1,16,8.0
hangGlider_5,0.0006055967057904701,CELL,256,1,16,8.0
hangGlider_5,0.0006055967057904701,CELL,512,1,16,8.0
685_bus,0.006924183494059353,CELL,32,1,2,4.0
685_bus,0.006924183494059353,CELL,64,1,2,4.0
685_bus,0.006924183494059353,CELL,128,1,2,4.0
685_bus,0.006924183494059353,CELL,256,1,4,4.0
685_bus,0.006924183494059353,CELL,512,1,4,4.0
oscil_dcop_51,0.008350459707950243,CELL,32,1,1,4.0
oscil_dcop_51,0.008350459707950243,CELL,64,1,1,4.0
oscil_dcop_51,0.008350459707950243,CELL,128,1,1,4.0
oscil_dcop_51,0.008350459707950243,CELL,256,1,2,4.0
oscil_dcop_51,0.008350459707950243,CELL,512,1,4,4.0
flowmeter5,0.0007208398379365585,CELL,32,1,16,8.0
flowmeter5,0.0007208398379365585,CELL,64,1,8,8.0
flowmeter5,0.0007208398379365585,CELL,128,1,8,8.0
flowmeter5,0.0007208398379365585,CELL,256,1,8,8.0
flowmeter5,0.0007208398379365585,CELL,512,1,8,8.0
