name,num_rows,num_cols,nnz,avg_nnz_per_row,min_nnz_per_row,max_nnz_per_row,std_dev_nnz_per_row,avg_nnz_density_per_row,min_nnz_density_per_row,max_nnz_density_per_row,std_dev_nnz_density_per_row,K,best_num_partitions,best_max_bucket_width,autotuning_time(s),exe_time_hyb(ms),exe_time_naive(ms),speed_to_naive
dc2,116835,116835,766396,6.559643942,1,114190,361.4981023,5.61E-05,8.56E-06,0.977361236,0.003094091,32,1,64,1991.483017,0.106895,9.464719,88.5422
trans4,116835,116835,766396,6.559643942,1,114190,361.4981023,5.61E-05,8.56E-06,0.977361236,0.003094091,32,1,64,2153.739424,0.106742,9.40847,88.1422
dc1,116835,116835,766396,6.559643942,1,114190,361.4981023,5.61E-05,8.56E-06,0.977361236,0.003094091,32,1,64,2105.665011,0.107213,9.408758,87.7576
dc1,116835,116835,766396,6.559643942,1,114190,361.4981023,5.61E-05,8.56E-06,0.977361236,0.003094091,64,1,64,3061.623848,0.228014,13.989192,61.3523
dc2,116835,116835,766396,6.559643942,1,114190,361.4981023,5.61E-05,8.56E-06,0.977361236,0.003094091,64,1,64,2961.388728,0.228905,13.998837,61.1557
trans4,116835,116835,766396,6.559643942,1,114190,361.4981023,5.61E-05,8.56E-06,0.977361236,0.003094091,64,1,64,3187.834935,0.229222,13.994036,61.0501
ASIC_680k,682862,682862,3871773,5.66992013,1,395259,659.807358,8.30E-06,1.46E-06,0.578827054,0.000966238,32,1,128,11710.81961,0.616786,37.563351,60.9018
mult_dcop_02,25187,25187,193276,7.673641164,1,22767,143.8138605,0.000304667,3.97E-05,0.903918688,0.005709845,32,1,32,123.9424615,0.0277197,1.563617,56.4082
mult_dcop_01,25187,25187,193276,7.673641164,1,22767,143.8138605,0.000304667,3.97E-05,0.903918688,0.005709845,32,1,32,114.1131315,0.0277299,1.563986,56.4007
blockqp1,60012,60012,640033,10.66508365,2,40011,305.4301532,0.000177716,3.33E-05,0.666716657,0.005089485,32,1,64,626.8583488,0.065536,3.446241,52.5855
mult_dcop_01,25187,25187,193276,7.673641164,1,22767,143.8138605,0.000304667,3.97E-05,0.903918688,0.005709845,64,1,32,174.9056994,0.0581018,2.879375,49.5574
boyd1,93279,93279,1211231,12.98503414,3,93261,653.397365,0.000139206,3.22E-05,0.999807031,0.007004764,32,8,32,1304.720071,0.123054,6.044478,49.1205
mult_dcop_02,25187,25187,193276,7.673641164,1,22767,143.8138605,0.000304667,3.97E-05,0.903918688,0.005709845,64,2,16,184.3619753,0.0590438,2.883656,48.8393
brainpc2,27607,27607,179395,6.498170754,1,13799,131.2550629,0.000235381,3.62E-05,0.499836998,0.004754412,32,1,32,223.3470338,0.0257536,1.21388,47.1344
boyd1,93279,93279,1211231,12.98503414,3,93261,653.397365,0.000139206,3.22E-05,0.999807031,0.007004764,64,16,32,1190.832076,0.221522,9.65552,43.5872
ASIC_320k,321821,321821,2635364,8.18891247,1,203800,502.951409,2.54E-05,3.11E-06,0.633271291,0.00156283,32,1,64,3299.166731,0.379034,15.687086,41.387
hangGlider_5,16011,16011,155246,9.696208856,2,14231,112.4273591,0.000605597,0.000124914,0.888826432,0.007021882,64,1,16,19.86937343,0.0382259,1.538191,40.2395
hangGlider_4,15561,15561,149532,9.609408136,2,13831,110.8353632,0.000617532,0.000128526,0.888824626,0.007122638,32,1,32,24.8686858,0.0206234,0.824361,39.9721
ASIC_680k,682862,682862,3871773,5.66992013,1,395259,659.807358,8.30E-06,1.46E-06,0.578827054,0.000966238,64,1,64,12418.99155,1.20388,47.606503,39.5442
hangGlider_4,15561,15561,149532,9.609408136,2,13831,110.8353632,0.000617532,0.000128526,0.888824626,0.007122638,64,1,16,20.84307184,0.0372224,1.446205,38.8531
blockqp1,60012,60012,640033,10.66508365,2,40011,305.4301532,0.000177716,3.33E-05,0.666716657,0.005089485,64,2,64,767.4299447,0.13485,5.025249,37.2655
hangGlider_5,16011,16011,155246,9.696208856,2,14231,112.4273591,0.000605597,0.000124914,0.888826432,0.007021882,32,1,32,23.19318268,0.0211866,0.75734,35.7462
rajat21,411676,411676,1893370,4.599175079,1,118689,188.7726632,1.12E-05,2.43E-06,0.288306824,0.000458547,32,1,64,1393.64766,0.280852,9.912422,35.2941
Chebyshev3,4101,4101,36879,8.992684711,3,4101,127.8440129,0.002192803,0.000731529,1,0.031173863,64,2,32,313.3261632,0.0132403,0.465193,35.1346
brainpc2,27607,27607,179395,6.498170754,1,13799,131.2550629,0.000235381,3.62E-05,0.499836998,0.004754412,64,1,32,804.8306582,0.0557158,1.916406,34.3961
transient,178866,178866,961790,5.377153847,1,60423,147.1854846,3.01E-05,5.59E-06,0.337811546,0.000822881,32,1,64,240.595507,0.152945,5.252106,34.3398
dc2,116835,116835,766396,6.559643942,1,114190,361.4981023,5.61E-05,8.56E-06,0.977361236,0.003094091,128,1,64,4444.507087,0.439009,13.960171,31.7993
trans4,116835,116835,766396,6.559643942,1,114190,361.4981023,5.61E-05,8.56E-06,0.977361236,0.003094091,128,1,64,5261.427678,0.439972,13.961378,31.7324
dc1,116835,116835,766396,6.559643942,1,114190,361.4981023,5.61E-05,8.56E-06,0.977361236,0.003094091,128,1,64,4752.668395,0.444344,13.970811,31.4414
rajat24,358172,358172,1948235,5.439383871,1,105296,180.1159959,1.52E-05,2.79E-06,0.293981662,0.000502876,32,1,16,2170.292091,0.289034,8.947271,30.9558
vsp_model1_crew1_cr42_south31,45101,45101,379952,8.424469524,1,17663,121.4892376,0.000186791,2.22E-05,0.391632115,0.002693715,32,1,64,139.4411603,0.0435712,1.344768,30.8637
ASIC_320k,321821,321821,2635364,8.18891247,1,203800,502.951409,2.54E-05,3.11E-06,0.633271291,0.00156283,64,1,64,3337.836996,0.789832,24.267672,30.7251
rajat16,94294,94294,641159,6.799573674,1,28755,97.72929148,7.21E-05,1.06E-05,0.304950474,0.001036432,32,1,16,294.0387804,0.0846131,2.452162,28.9809
lowThrust_12,18458,18458,224593,12.16778633,2,7177,74.70972881,0.000659215,0.000108354,0.388828692,0.004047553,64,1,16,220.7091328,0.0358605,1.031352,28.7601
mult_dcop_01,25187,25187,193276,7.673641164,1,22767,143.8138605,0.000304667,3.97E-05,0.903918688,0.005709845,128,1,32,207.4080515,0.0989696,2.8194,28.4875
mult_dcop_02,25187,25187,193276,7.673641164,1,22767,143.8138605,0.000304667,3.97E-05,0.903918688,0.005709845,128,1,32,236.1453769,0.0989901,2.818529,28.4728
lowThrust_9,18044,18044,219589,12.16964088,2,7016,73.86696198,0.000674443,0.00011084,0.388827311,0.004093713,64,1,16,180.5481703,0.0354509,0.982579,27.7166
rajat17,94294,94294,641159,6.799573674,1,28755,97.72929148,7.21E-05,1.06E-05,0.304950474,0.001036432,32,1,16,310.0473329,0.0844902,2.293166,27.1412
shermanACb,18510,18510,145149,7.84165316,1,10405,99.9494537,0.000423644,5.40E-05,0.562128579,0.005399754,32,1,16,79.15143334,0.0210637,0.568044,26.9679
lowThrust_13,18476,18476,224897,12.1723858,2,7184,74.74627283,0.000658821,0.000108249,0.388828751,0.004045587,64,1,16,174.3268899,0.0354304,0.934246,26.3685
rajat13,7598,7598,48922,6.438799684,1,5412,69.14659061,0.000847433,0.000131614,0.712292709,0.009100631,32,1,16,58.61053354,0.011991,0.310374,25.8839
shermanACd,6136,6136,53329,8.691166884,1,5181,67.91661206,0.001416422,0.000162973,0.844361147,0.011068548,32,1,16,34.78911754,0.0117965,0.304599,25.8211
shermanACb,18510,18510,145149,7.84165316,1,10405,99.9494537,0.000423644,5.40E-05,0.562128579,0.005399754,64,1,16,106.3945034,0.0396595,1.014477,25.5797
lowThrust_7,17378,17378,211561,12.17407066,2,6757,72.49062962,0.000700545,0.000115088,0.388824951,0.004171402,64,1,16,60.1972253,0.0339558,0.86316,25.4201
boyd2,466316,466316,1500397,3.217554191,2,93262,194.9120709,6.90E-06,4.29E-06,0.199997427,0.000417983,32,1,64,3918.261462,0.320993,8.109906,25.2651
Chebyshev3,4101,4101,36879,8.992684711,3,4101,127.8440129,0.002192803,0.000731529,1,0.031173863,128,2,32,486.652566,0.0170598,0.430817,25.2533
iprob,3001,3001,9000,2.999000333,2,3000,54.71750175,0.000999334,0.000666445,0.999666778,0.01823309,32,1,8,37.48872464,0.00797696,0.200991,25.1964
bloweya,30004,30004,150009,4.999633382,2,10001,57.76292893,0.000166632,6.67E-05,0.333322224,0.001925174,32,1,32,68.98120649,0.0245658,0.616509,25.0962
Chebyshev3,4101,4101,36879,8.992684711,3,4101,127.8440129,0.002192803,0.000731529,1,0.031173863,32,4,16,245.9087071,0.0101274,0.253911,25.0717
transient,178866,178866,961790,5.377153847,1,60423,147.1854846,3.01E-05,5.59E-06,0.337811546,0.000822881,64,1,32,281.6746447,0.303862,7.528089,24.7747
hangGlider_5,16011,16011,155246,9.696208856,2,14231,112.4273591,0.000605597,0.000124914,0.888826432,0.007021882,128,1,16,20.48541696,0.0684646,1.694966,24.7568
rajat21,411676,411676,1893370,4.599175079,1,118689,188.7726632,1.12E-05,2.43E-06,0.288306824,0.000458547,64,1,64,4024.08828,0.587244,14.483589,24.6637
lowThrust_11,18368,18368,223801,12.18428789,2,7142,74.52758635,0.000663343,0.000108885,0.388828397,0.004057469,64,1,16,181.378017,0.0354714,0.860856,24.269
lowThrust_9,18044,18044,219589,12.16964088,2,7016,73.86696198,0.000674443,0.00011084,0.388827311,0.004093713,32,1,32,177.2081169,0.0231117,0.559851,24.2237
bloweybl,30003,30003,120000,3.99960004,1,10001,57.72925832,0.000133307,3.33E-05,0.333333333,0.001924116,32,1,16,58.78340487,0.025641,0.620831,24.2124
boyd1,93279,93279,1211231,12.98503414,3,93261,653.397365,0.000139206,3.22E-05,0.999807031,0.007004764,128,16,32,1215.314212,0.451154,10.9082,24.1784
rajat13,7598,7598,48922,6.438799684,1,5412,69.14659061,0.000847433,0.000131614,0.712292709,0.009100631,64,1,16,102.798877,0.0200704,0.485007,24.1653
lowThrust_10,18260,18260,222005,12.15799562,2,7100,74.30755969,0.000665827,0.000109529,0.388828039,0.004069417,64,1,16,71.85382575,0.0358502,0.859054,23.9623
lowThrust_7,17378,17378,211561,12.17407066,2,6757,72.49062962,0.000700545,0.000115088,0.388824951,0.004171402,32,1,32,61.26228781,0.0224051,0.536771,23.9575
lowThrust_5,16262,16262,198369,12.19831509,2,6323,70.12432317,0.000750112,0.000122986,0.388820563,0.004312159,64,1,16,174.8256351,0.0328704,0.783688,23.8418
bloweybl,30003,30003,120000,3.99960004,1,10001,57.72925832,0.000133307,3.33E-05,0.333333333,0.001924116,64,1,16,154.9329893,0.0443392,1.05602,23.8168
shermanACd,6136,6136,53329,8.691166884,1,5181,67.91661206,0.001416422,0.000162973,0.844361147,0.011068548,64,1,8,114.3666453,0.018176,0.427694,23.5307
lowThrust_4,13562,13562,160947,11.86749742,2,5273,64.03090548,0.000875055,0.000147471,0.388806961,0.004721347,64,1,16,191.8469563,0.0275558,0.645509,23.4255
lowThrust_8,17702,17702,216445,12.22714947,2,6883,73.16439332,0.000690721,0.000112982,0.388826121,0.004133115,64,1,16,166.7302266,0.0374781,0.877681,23.4185
bloweya,30004,30004,150009,4.999633382,2,10001,57.76292893,0.000166632,6.67E-05,0.333322224,0.001925174,64,1,16,167.8521326,0.045097,1.045094,23.1744
vsp_model1_crew1_cr42_south31,45101,45101,379952,8.424469524,1,17663,121.4892376,0.000186791,2.22E-05,0.391632115,0.002693715,64,1,16,209.4412536,0.0929792,2.121513,22.8171
rajat17,94294,94294,641159,6.799573674,1,28755,97.72929148,7.21E-05,1.06E-05,0.304950474,0.001036432,64,16,16,300.0234531,0.154276,3.519365,22.8121
rajat24,358172,358172,1948235,5.439383871,1,105296,180.1159959,1.52E-05,2.79E-06,0.293981662,0.000502876,64,64,16,4940.02942,0.56446,12.834273,22.7373
hangGlider_4,15561,15561,149532,9.609408136,2,13831,110.8353632,0.000617532,0.000128526,0.888824626,0.007122638,128,2,16,18.06109601,0.0729702,1.645097,22.5448
rajat16,94294,94294,641159,6.799573674,1,28755,97.72929148,7.21E-05,1.06E-05,0.304950474,0.001036432,64,16,16,309.4844635,0.157153,3.523666,22.4219
lowThrust_6,16928,16928,207349,12.2488776,2,6582,71.54698927,0.000723587,0.000118147,0.388823251,0.004226547,64,1,16,180.8164021,0.033792,0.755538,22.3585
reorientation_6,3006,3006,37342,12.42248836,1,2824,51.6108624,0.004132564,0.000332668,0.939454425,0.017169282,64,1,16,32.4781989,0.0126464,0.276521,21.8656
brainpc2,27607,27607,179395,6.498170754,1,13799,131.2550629,0.000235381,3.62E-05,0.499836998,0.004754412,128,1,32,109.3077636,0.0871219,1.862666,21.38
lowThrust_12,18458,18458,224593,12.16778633,2,7177,74.70972881,0.000659215,0.000108354,0.388828692,0.004047553,32,1,32,75.77517701,0.0240742,0.511693,21.2548
lowThrust_11,18368,18368,223801,12.18428789,2,7142,74.52758635,0.000663343,0.000108885,0.388828397,0.004057469,32,1,32,71.9204461,0.0232038,0.492431,21.222
iprob,3001,3001,9000,2.999000333,2,3000,54.71750175,0.000999334,0.000666445,0.999666778,0.01823309,64,1,8,59.98652962,0.0125747,0.264847,21.0619
ASIC_680k,682862,682862,3871773,5.66992013,1,395259,659.807358,8.30E-06,1.46E-06,0.578827054,0.000966238,128,1,256,12827.6185,2.40175,48.590263,20.2312
Sieber,2290,2290,14873,6.494759825,4,2289,67.47075199,0.00283614,0.001746725,0.999563319,0.02946321,64,1,8,355.496299,0.0107315,0.214456,19.9838
boyd2,466316,466316,1500397,3.217554191,2,93262,194.9120709,6.90E-06,4.29E-06,0.199997427,0.000417983,64,1,64,7376.629756,0.603341,11.917956,19.7533
lowThrust_4,13562,13562,160947,11.86749742,2,5273,64.03090548,0.000875055,0.000147471,0.388806961,0.004721347,32,1,32,73.18848347,0.0189338,0.369121,19.4953
TSOPF_FS_b39_c30,120216,120216,3121160,25.96293339,1,60024,548.1836873,0.000215969,8.32E-06,0.499301258,0.004559989,64,16,64,9423.378391,0.403231,7.803187,19.3517
reorientation_7,3057,3057,37150,12.15243703,1,2872,52.03329551,0.003975282,0.000327118,0.939483153,0.017021032,64,1,16,32.95498436,0.0130662,0.252518,19.326
blockqp1,60012,60012,640033,10.66508365,2,40011,305.4301532,0.000177716,3.33E-05,0.666716657,0.005089485,128,2,64,1649.262808,0.26026,4.963635,19.0718
case39,40216,40216,1042160,25.91406405,1,20024,316.2263181,0.000644372,2.49E-05,0.497911279,0.007863197,64,8,32,5299.561139,0.132372,2.524242,19.0693
rajat13,7598,7598,48922,6.438799684,1,5412,69.14659061,0.000847433,0.000131614,0.712292709,0.009100631,128,1,16,81.02300156,0.0304538,0.574484,18.8641
TSOPF_FS_b39_c7,28216,28216,730080,25.87468103,1,14024,264.4360371,0.000917022,3.54E-05,0.497022966,0.009371847,64,4,64,3948.571536,0.0888422,1.675848,18.8632
TSOPF_FS_b39_c30,120216,120216,3121160,25.96293339,1,60024,548.1836873,0.000215969,8.32E-06,0.499301258,0.004559989,32,1,128,803.3994167,0.27648,5.138985,18.5872
lowThrust_13,18476,18476,224897,12.1723858,2,7184,74.74627283,0.000658821,0.000108249,0.388828751,0.004045587,32,1,32,93.98385346,0.0233267,0.433357,18.5777
reorientation_6,3006,3006,37342,12.42248836,1,2824,51.6108624,0.004132564,0.000332668,0.939454425,0.017169282,32,1,8,21.8941789,0.00961536,0.176937,18.4015
lowThrust_8,17702,17702,216445,12.22714947,2,6883,73.16439332,0.000690721,0.000112982,0.388826121,0.004133115,32,1,32,64.35076607,0.0232346,0.426875,18.3724
reorientation_7,3057,3057,37150,12.15243703,1,2872,52.03329551,0.003975282,0.000327118,0.939483153,0.017021032,32,1,8,51.10272774,0.00966656,0.176681,18.2775
iprob,3001,3001,9000,2.999000333,2,3000,54.71750175,0.000999334,0.000666445,0.999666778,0.01823309,128,1,8,30.59860662,0.0139264,0.25217,18.1073
reorientation_4,2717,2717,33630,12.37762238,1,2552,49.06989359,0.004555621,0.000368053,0.939271255,0.018060322,32,1,8,21.11046056,0.00928768,0.167875,18.075
reorientation_5,2904,2904,35590,12.25550964,1,2728,50.7183535,0.004220217,0.000344353,0.939393939,0.017464998,64,1,16,32.30961541,0.0131891,0.235981,17.8921
reorientation_4,2717,2717,33630,12.37762238,1,2552,49.06989359,0.004555621,0.000368053,0.939271255,0.018060322,64,1,16,31.98396517,0.0121242,0.215562,17.7795
lowThrust_5,16262,16262,198369,12.19831509,2,6323,70.12432317,0.000750112,0.000122986,0.388820563,0.004312159,32,1,32,69.05199158,0.022313,0.396278,17.76
circuit_1,2624,2624,35823,13.65205793,1,2571,72.86616252,0.005202766,0.000381098,0.979801829,0.027769117,32,1,16,22.36652328,0.00820224,0.144343,17.598
lowThrust_6,16928,16928,207349,12.2488776,2,6582,71.54698927,0.000723587,0.000118147,0.388823251,0.004226547,32,1,32,71.66565005,0.0227021,0.398244,17.5422
c-73,169422,169422,1279274,7.550813944,2,39937,151.4940063,4.46E-05,1.18E-05,0.235724994,0.000894181,32,1,64,773.705684,0.156385,2.737848,17.5071
circuit_1,2624,2624,35823,13.65205793,1,2571,72.86616252,0.005202766,0.000381098,0.979801829,0.027769117,64,1,32,123.7374278,0.0136397,0.238049,17.4527
Chebyshev3,4101,4101,36879,8.992684711,3,4101,127.8440129,0.002192803,0.000731529,1,0.031173863,256,8,32,323.2320092,0.0257843,0.445614,17.2824
case39,40216,40216,1042160,25.91406405,1,20024,316.2263181,0.000644372,2.49E-05,0.497911279,0.007863197,32,1,32,92.86540118,0.0890266,1.533225,17.2221
c-57,37833,37833,405197,10.71014723,2,10402,134.8803999,0.00028309,5.29E-05,0.274945154,0.003565152,32,1,32,165.4951674,0.0425574,0.728381,17.1153
reorientation_3,2513,2513,32166,12.79984083,1,2360,47.20950217,0.00509345,0.000397931,0.939116594,0.018786113,64,1,8,32.01904779,0.0116634,0.196178,16.82
c-73b,169422,169422,1279274,7.550813944,2,39937,151.4940063,4.46E-05,1.18E-05,0.235724994,0.000894181,32,1,64,733.1677294,0.158628,2.661919,16.7809
Chebyshev4,68121,68121,5377761,78.94424627,9,68121,1061.43997,0.001158883,0.000132118,1,0.015581685,64,16,32,2882.60042,0.454482,7.609897,16.7441
lowThrust_10,18260,18260,222005,12.15799562,2,7100,74.30755969,0.000665827,0.000109529,0.388828039,0.004069417,32,1,32,71.68717261,0.0237466,0.396831,16.7111
a5esindl,60008,60008,255004,4.249500067,3,9993,53.97269187,7.08E-05,5.00E-05,0.166527796,0.000899425,32,1,32,86.34970521,0.0526234,0.877035,16.6663
Oregon-1,11492,11492,46818,4.073964497,0,2389,32.64094599,0.000354504,0,0.207883745,0.002840319,32,1,8,22.50101756,0.0106496,0.175299,16.4606
dc1,116835,116835,766396,6.559643942,1,114190,361.4981023,5.61E-05,8.56E-06,0.977361236,0.003094091,256,1,64,6645.572112,0.856279,13.993821,16.3426
shermanACb,18510,18510,145149,7.84165316,1,10405,99.9494537,0.000423644,5.40E-05,0.562128579,0.005399754,128,1,16,176.8423129,0.0670413,1.091758,16.2849
reorientation_6,3006,3006,37342,12.42248836,1,2824,51.6108624,0.004132564,0.000332668,0.939454425,0.017169282,128,1,16,50.85306535,0.0156058,0.25258,16.185
TSOPF_FS_b39_c7,28216,28216,730080,25.87468103,1,14024,264.4360371,0.000917022,3.54E-05,0.497022966,0.009371847,32,1,64,61.69812076,0.064983,1.050184,16.1609
dc2,116835,116835,766396,6.559643942,1,114190,361.4981023,5.61E-05,8.56E-06,0.977361236,0.003094091,256,1,64,6051.487362,0.87212,13.978306,16.028
trans4,116835,116835,766396,6.559643942,1,114190,361.4981023,5.61E-05,8.56E-06,0.977361236,0.003094091,256,1,128,8778.73196,0.874301,13.999452,16.0122
bloweybl,30003,30003,120000,3.99960004,1,10001,57.72925832,0.000133307,3.33E-05,0.333333333,0.001924116,128,1,32,151.6172864,0.0772506,1.232968,15.9606
shermanACa,3432,3432,25220,7.348484848,1,2498,43.33061633,0.002141167,0.000291375,0.727855478,0.012625471,64,1,8,29.1816491,0.0132506,0.210248,15.8671
spaceShuttleEntry_3,1834,1834,28757,15.67993457,2,1700,39.71907294,0.008549583,0.001090513,0.92693566,0.021657074,64,1,8,23.35420569,0.0100864,0.159928,15.8558
mult_dcop_02,25187,25187,193276,7.673641164,1,22767,143.8138605,0.000304667,3.97E-05,0.903918688,0.005709845,256,1,64,232.2353463,0.177961,2.803845,15.7554
ASIC_320k,321821,321821,2635364,8.18891247,1,203800,502.951409,2.54E-05,3.11E-06,0.633271291,0.00156283,128,1,64,3826.264007,1.5586,24.551445,15.7522
mult_dcop_01,25187,25187,193276,7.673641164,1,22767,143.8138605,0.000304667,3.97E-05,0.903918688,0.005709845,256,1,64,199.8367974,0.17835,2.80491,15.727
reorientation_3,2513,2513,32166,12.79984083,1,2360,47.20950217,0.00509345,0.000397931,0.939116594,0.018786113,32,1,8,21.95890197,0.00869376,0.136069,15.6513
Chebyshev4,68121,68121,5377761,78.94424627,9,68121,1061.43997,0.001158883,0.000132118,1,0.015581685,32,4,64,3227.481723,0.32085,4.987125,15.5435
shermanACd,6136,6136,53329,8.691166884,1,5181,67.91661206,0.001416422,0.000162973,0.844361147,0.011068548,128,1,16,77.74636639,0.0289382,0.447222,15.4544
reorientation_5,2904,2904,35590,12.25550964,1,2728,50.7183535,0.004220217,0.000344353,0.939393939,0.017464998,32,1,8,21.20673516,0.0096768,0.149443,15.4434
lowThrust_12,18458,18458,224593,12.16778633,2,7177,74.70972881,0.000659215,0.000108354,0.388828692,0.004047553,128,1,16,180.9566948,0.0650752,1.003469,15.4201
spaceShuttleEntry_3,1834,1834,28757,15.67993457,2,1700,39.71907294,0.008549583,0.001090513,0.92693566,0.021657074,32,1,8,22.36421768,0.00805888,0.123904,15.3748
reorientation_5,2904,2904,35590,12.25550964,1,2728,50.7183535,0.004220217,0.000344353,0.939393939,0.017464998,128,1,16,38.69788935,0.0154419,0.234312,15.1738
shermanACa,3432,3432,25220,7.348484848,1,2498,43.33061633,0.002141167,0.000291375,0.727855478,0.012625471,32,1,8,23.08342057,0.00882688,0.133919,15.1717
kineticBatchReactor_6,7773,7773,82500,10.61366268,1,2678,51.1793712,0.001365453,0.00012865,0.344525923,0.006584249,64,1,8,37.5562179,0.0184832,0.280136,15.1562
c-57,37833,37833,405197,10.71014723,2,10402,134.8803999,0.00028309,5.29E-05,0.274945154,0.003565152,64,1,16,405.185512,0.0749978,1.135053,15.1345
bloweya,30004,30004,150009,4.999633382,2,10001,57.76292893,0.000166632,6.67E-05,0.333322224,0.001925174,128,1,32,94.10177556,0.0793497,1.195141,15.0617
adder_dcop_66,1813,1813,11246,6.202978489,1,1310,30.77714949,0.003421389,0.000551572,0.722559294,0.016975813,64,1,8,25.97510227,0.00891904,0.132874,14.8978
reorientation_7,3057,3057,37150,12.15243703,1,2872,52.03329551,0.003975282,0.000327118,0.939483153,0.017021032,128,1,16,75.95571883,0.0162406,0.241101,14.8456
reorientation_4,2717,2717,33630,12.37762238,1,2552,49.06989359,0.004555621,0.000368053,0.939271255,0.018060322,128,1,16,62.95118091,0.0147251,0.217211,14.7511
Oregon-1,11492,11492,46818,4.073964497,0,2389,32.64094599,0.000354504,0,0.207883745,0.002840319,64,1,8,29.09664643,0.016896,0.247818,14.6673
boyd1,93279,93279,1211231,12.98503414,3,93261,653.397365,0.000139206,3.22E-05,0.999807031,0.007004764,256,16,32,1343.944506,0.814817,11.934575,14.6469
lowThrust_3,7064,7064,80645,11.41633635,2,2746,46.18438009,0.001616129,0.000283126,0.388731597,0.006537993,64,1,16,61.98521332,0.0168243,0.245873,14.6142
adder_dcop_50,1813,1813,11246,6.202978489,1,1310,30.77714949,0.003421389,0.000551572,0.722559294,0.016975813,64,1,8,27.3049021,0.00909312,0.13268,14.5913
kineticBatchReactor_7,7968,7968,84508,10.60592369,1,2720,51.77629975,0.001331065,0.000125502,0.341365462,0.00649803,32,1,16,44.38643607,0.0130355,0.188713,14.4769
adder_dcop_43,1813,1813,11246,6.202978489,1,1310,30.77714949,0.003421389,0.000551572,0.722559294,0.016975813,64,1,8,25.93698499,0.0090112,0.129352,14.3546
adder_dcop_05,1813,1813,11097,6.120794264,1,1310,30.77725023,0.003376059,0.000551572,0.722559294,0.016975869,64,1,8,22.8987809,0.00915456,0.130181,14.2203
reorientation_3,2513,2513,32166,12.79984083,1,2360,47.20950217,0.00509345,0.000397931,0.939116594,0.018786113,128,1,16,31.93069408,0.0139674,0.198574,14.217
Sieber,2290,2290,14873,6.494759825,4,2289,67.47075199,0.00283614,0.001746725,0.999563319,0.02946321,128,1,16,8.401902279,0.0151347,0.214743,14.1888
Sieber,2290,2290,14873,6.494759825,4,2289,67.47075199,0.00283614,0.001746725,0.999563319,0.02946321,32,1,16,265.8574408,0.00909312,0.127816,14.0563
TSOPF_FS_b9_c1,2454,2454,25032,10.200489,1,1210,42.76572979,0.004156678,0.000407498,0.493072535,0.017426948,64,1,8,59.0603888,0.0100659,0.141179,14.0255
adder_dcop_12,1813,1813,11246,6.202978489,1,1310,30.77714949,0.003421389,0.000551572,0.722559294,0.016975813,64,1,8,24.54333934,0.0088064,0.123372,14.0094
adder_dcop_46,1813,1813,11246,6.202978489,1,1310,30.77714949,0.003421389,0.000551572,0.722559294,0.016975813,64,1,8,23.2392718,0.00883712,0.123494,13.9745
adder_dcop_62,1813,1813,11246,6.202978489,1,1310,30.77714949,0.003421389,0.000551572,0.722559294,0.016975813,64,1,8,25.90991257,0.0088576,0.123433,13.9353
circuit_1,2624,2624,35823,13.65205793,1,2571,72.86616252,0.005202766,0.000381098,0.979801829,0.027769117,128,2,8,57.37738681,0.0168038,0.233861,13.9171
adder_dcop_67,1813,1813,11246,6.202978489,1,1310,30.77714949,0.003421389,0.000551572,0.722559294,0.016975813,64,1,8,26.60266952,0.00888832,0.123433,13.8871
adder_dcop_31,1813,1813,11246,6.202978489,1,1310,30.77714949,0.003421389,0.000551572,0.722559294,0.016975813,64,1,8,25.98448904,0.00889856,0.123474,13.8757
nxp1,414604,414604,2656177,6.406539734,1,53699,84.66719068,1.55E-05,2.41E-06,0.12951877,0.000204212,32,1,16,264.9517023,0.349942,4.853136,13.8684
adder_trans_02,1814,1814,14579,8.03693495,1,1335,33.6748553,0.004430504,0.000551268,0.735942668,0.018563867,64,1,8,27.54507383,0.0091648,0.126945,13.8514
adder_dcop_47,1813,1813,11246,6.202978489,1,1310,30.77714949,0.003421389,0.000551572,0.722559294,0.016975813,64,1,8,26.40033242,0.00896,0.123433,13.776
adder_dcop_42,1813,1813,11246,6.202978489,1,1310,30.77714949,0.003421389,0.000551572,0.722559294,0.016975813,64,1,8,26.31039202,0.00898048,0.123484,13.7503
lowThrust_3,7064,7064,80645,11.41633635,2,2746,46.18438009,0.001616129,0.000283126,0.388731597,0.006537993,32,1,16,42.79455997,0.0124109,0.170537,13.7409
adder_dcop_11,1813,1813,11243,6.201323773,1,1310,30.77720517,0.003420476,0.000551572,0.722559294,0.016975844,64,1,8,27.22388402,0.00878592,0.120197,13.6806
adder_dcop_38,1813,1813,11246,6.202978489,1,1310,30.77714949,0.003421389,0.000551572,0.722559294,0.016975813,64,1,8,25.98155193,0.00905216,0.123484,13.6414
adder_dcop_44,1813,1813,11245,6.202426917,1,1310,30.77718001,0.003421085,0.000551572,0.722559294,0.01697583,64,1,8,26.04720907,0.00856064,0.116777,13.6412
Oregon-2,11806,11806,65460,5.544638319,0,2432,34.70444653,0.000469646,0,0.205996951,0.00293956,32,1,8,23.16906587,0.0120422,0.162499,13.4941
reorientation_2,1544,1544,17910,11.59974093,1,1448,36.94606978,0.007512786,0.000647668,0.937823834,0.023928802,64,1,8,25.97126066,0.0093184,0.125706,13.4901
lowThrust_10,18260,18260,222005,12.15799562,2,7100,74.30755969,0.000665827,0.000109529,0.388828039,0.004069417,128,1,16,185.9160076,0.0648909,0.870554,13.4157
lowThrust_8,17702,17702,216445,12.22714947,2,6883,73.16439332,0.000690721,0.000112982,0.388826121,0.004133115,128,1,16,67.66885394,0.0636211,0.852511,13.3998
Oregon-2,11806,11806,65460,5.544638319,0,2432,34.70444653,0.000469646,0,0.205996951,0.00293956,64,1,8,35.08274646,0.0183706,0.245842,13.3824
rajat13,7598,7598,48922,6.438799684,1,5412,69.14659061,0.000847433,0.000131614,0.712292709,0.009100631,256,2,16,108.4693048,0.0496128,0.66346,13.3728
lowThrust_4,13562,13562,160947,11.86749742,2,5273,64.03090548,0.000875055,0.000147471,0.388806961,0.004721347,128,1,16,195.4482099,0.0488653,0.649974,13.3013
kineticBatchReactor_7,7968,7968,84508,10.60592369,1,2720,51.77629975,0.001331065,0.000125502,0.341365462,0.00649803,64,1,16,130.6770826,0.0192,0.254781,13.2698
adder_dcop_51,1813,1813,11246,6.202978489,1,1310,30.77714949,0.003421389,0.000551572,0.722559294,0.016975813,64,1,8,26.1003661,0.00886784,0.11735,13.2332
init_adder1,1813,1813,11156,6.15333701,1,1310,30.7773114,0.003394008,0.000551572,0.722559294,0.016975903,64,1,8,27.15272518,0.00932864,0.123218,13.2086
adder_dcop_33,1813,1813,11246,6.202978489,1,1310,30.77714949,0.003421389,0.000551572,0.722559294,0.016975813,64,1,8,26.90697976,0.00889856,0.117504,13.2048
c-32,5975,5975,54471,9.116485356,2,1986,64.32080544,0.001525772,0.000334728,0.332384937,0.010764988,64,1,8,65.66227524,0.016896,0.223007,13.1988
adder_dcop_06,1813,1813,11224,6.190843905,1,1310,30.77726297,0.003414696,0.000551572,0.722559294,0.016975876,64,1,8,23.30621948,0.00891904,0.117535,13.178
adder_dcop_26,1813,1813,11246,6.202978489,1,1310,30.77714949,0.003421389,0.000551572,0.722559294,0.016975813,64,1,8,24.36079187,0.00891904,0.117484,13.1723
adder_dcop_68,1813,1813,11246,6.202978489,1,1310,30.77714949,0.003421389,0.000551572,0.722559294,0.016975813,64,1,8,26.35367222,0.00893952,0.117443,13.1375
adder_dcop_09,1813,1813,11239,6.199117485,1,1310,30.77712991,0.00341926,0.000551572,0.722559294,0.016975802,64,1,8,22.19540679,0.0089088,0.116951,13.1276
adder_dcop_17,1813,1813,11246,6.202978489,1,1310,30.77714949,0.003421389,0.000551572,0.722559294,0.016975813,64,1,8,25.20717336,0.00896,0.117565,13.1211
adder_dcop_40,1813,1813,11246,6.202978489,1,1310,30.77714949,0.003421389,0.000551572,0.722559294,0.016975813,64,1,8,26.05266316,0.00896,0.117514,13.1154
adder_dcop_41,1813,1813,11246,6.202978489,1,1310,30.77714949,0.003421389,0.000551572,0.722559294,0.016975813,64,1,8,26.87241291,0.00896,0.117432,13.1063
adder_dcop_19,1813,1813,11245,6.202426917,1,1310,30.77719793,0.003421085,0.000551572,0.722559294,0.01697584,64,1,8,25.71789343,0.00891904,0.116859,13.1022
adder_dcop_28,1813,1813,11246,6.202978489,1,1310,30.77714949,0.003421389,0.000551572,0.722559294,0.016975813,64,1,8,26.42866775,0.00897024,0.117504,13.0993
rajat21,411676,411676,1893370,4.599175079,1,118689,188.7726632,1.12E-05,2.43E-06,0.288306824,0.000458547,128,1,128,18025.29451,1.1188,14.646313,13.0911
adder_dcop_29,1813,1813,11246,6.202978489,1,1310,30.77714949,0.003421389,0.000551572,0.722559294,0.016975813,64,1,8,26.60762261,0.00897024,0.117422,13.0902
a5esindl,60008,60008,255004,4.249500067,3,9993,53.97269187,7.08E-05,5.00E-05,0.166527796,0.000899425,64,1,16,193.0802305,0.104929,1.372826,13.0834
shermanACa,3432,3432,25220,7.348484848,1,2498,43.33061633,0.002141167,0.000291375,0.727855478,0.012625471,128,1,8,47.60729767,0.0162611,0.212695,13.08
hangGlider_5,16011,16011,155246,9.696208856,2,14231,112.4273591,0.000605597,0.000124914,0.888826432,0.007021882,256,1,16,19.84623757,0.12799,1.673124,13.0723
adder_dcop_23,1813,1813,11246,6.202978489,1,1310,30.77714949,0.003421389,0.000551572,0.722559294,0.016975813,64,1,8,26.19858352,0.00900096,0.117545,13.0592
adder_dcop_48,1813,1813,11246,6.202978489,1,1310,30.77714949,0.003421389,0.000551572,0.722559294,0.016975813,64,1,8,26.43852593,0.00904192,0.117617,13.008
hangGlider_4,15561,15561,149532,9.609408136,2,13831,110.8353632,0.000617532,0.000128526,0.888824626,0.007122638,256,2,16,22.46766464,0.125491,1.631898,13.0041
adder_dcop_45,1813,1813,11246,6.202978489,1,1310,30.77714949,0.003421389,0.000551572,0.722559294,0.016975813,64,1,8,26.41309623,0.00905216,0.117422,12.9717
spaceShuttleEntry_2,1428,1428,24073,16.85784314,2,1323,35.01484421,0.011805212,0.00140056,0.926470588,0.024520199,64,1,8,22.87167781,0.00909312,0.117852,12.9606
adder_dcop_03,1813,1813,11148,6.148924435,1,1310,30.77761981,0.003391574,0.000551572,0.722559294,0.016976073,64,1,8,26.91900713,0.0090624,0.117309,12.9446
adder_dcop_16,1813,1813,11246,6.202978489,1,1310,30.77714949,0.003421389,0.000551572,0.722559294,0.016975813,64,1,8,25.33003466,0.00909312,0.117504,12.9223
adder_dcop_53,1813,1813,11246,6.202978489,1,1310,30.77714949,0.003421389,0.000551572,0.722559294,0.016975813,64,1,8,23.8763078,0.00910336,0.117504,12.9078
adder_dcop_37,1813,1813,11246,6.202978489,1,1310,30.77714949,0.003421389,0.000551572,0.722559294,0.016975813,64,1,8,27.36545963,0.00910336,0.117494,12.9067
adder_dcop_24,1813,1813,11246,6.202978489,1,1310,30.77714949,0.003421389,0.000551572,0.722559294,0.016975813,64,1,8,25.87156826,0.00910336,0.117463,12.9033
adder_dcop_54,1813,1813,11246,6.202978489,1,1310,30.77714949,0.003421389,0.000551572,0.722559294,0.016975813,64,1,8,27.29019102,0.0091136,0.117484,12.8911
adder_dcop_20,1813,1813,11246,6.202978489,1,1310,30.77714949,0.003421389,0.000551572,0.722559294,0.016975813,64,1,8,25.41120512,0.00913408,0.117555,12.8699
kineticBatchReactor_5,7641,7641,80767,10.57021332,1,2636,50.80047189,0.001383355,0.000130873,0.344981023,0.006648406,32,1,16,45.37396117,0.0128102,0.164844,12.8682
adder_dcop_21,1813,1813,11246,6.202978489,1,1310,30.77714949,0.003421389,0.000551572,0.722559294,0.016975813,64,1,8,27.49921043,0.00915456,0.117586,12.8445
lowThrust_5,16262,16262,198369,12.19831509,2,6323,70.12432317,0.000750112,0.000122986,0.388820563,0.004312159,128,1,16,179.6883728,0.0592486,0.75947,12.8184
adder_dcop_60,1813,1813,11246,6.202978489,1,1310,30.77714949,0.003421389,0.000551572,0.722559294,0.016975813,64,1,8,25.37418731,0.00966656,0.123372,12.7628
adder_dcop_49,1813,1813,11246,6.202978489,1,1310,30.77714949,0.003421389,0.000551572,0.722559294,0.016975813,64,1,8,22.05792072,0.009216,0.117606,12.7611
adder_dcop_46,1813,1813,11246,6.202978489,1,1310,30.77714949,0.003421389,0.000551572,0.722559294,0.016975813,32,1,8,19.31266431,0.0073728,0.094054,12.7569
adder_dcop_42,1813,1813,11246,6.202978489,1,1310,30.77714949,0.003421389,0.000551572,0.722559294,0.016975813,32,1,8,13.93836525,0.00736256,0.093911,12.7552
transient,178866,178866,961790,5.377153847,1,60423,147.1854846,3.01E-05,5.59E-06,0.337811546,0.000822881,128,1,64,317.4774894,0.598221,7.623793,12.7441
adder_dcop_60,1813,1813,11246,6.202978489,1,1310,30.77714949,0.003421389,0.000551572,0.722559294,0.016975813,32,1,8,22.00752474,0.00739328,0.094085,12.7257
adder_dcop_62,1813,1813,11246,6.202978489,1,1310,30.77714949,0.003421389,0.000551572,0.722559294,0.016975813,32,1,8,21.58773325,0.00739328,0.093993,12.7133
adder_dcop_64,1813,1813,11246,6.202978489,1,1310,30.77714949,0.003421389,0.000551572,0.722559294,0.016975813,64,1,8,25.83074651,0.00924672,0.117484,12.7055
adder_dcop_43,1813,1813,11246,6.202978489,1,1310,30.77714949,0.003421389,0.000551572,0.722559294,0.016975813,32,1,8,20.4969858,0.0073728,0.093573,12.6917
adder_dcop_59,1813,1813,11246,6.202978489,1,1310,30.77714949,0.003421389,0.000551572,0.722559294,0.016975813,32,1,8,21.6004022,0.00740352,0.093931,12.6873
adder_dcop_67,1813,1813,11246,6.202978489,1,1310,30.77714949,0.003421389,0.000551572,0.722559294,0.016975813,32,1,8,13.79330858,0.00741376,0.094044,12.6851
adder_trans_01,1814,1814,14579,8.03693495,1,1335,33.6748553,0.004430504,0.000551268,0.735942668,0.018563867,64,1,8,26.22847141,0.0095232,0.120474,12.6506
coupled,11341,11341,98523,8.68732916,1,3090,30.0919428,0.000766011,8.82E-05,0.272462746,0.002653376,32,1,16,27.56283377,0.015319,0.193546,12.6344
adder_dcop_66,1813,1813,11246,6.202978489,1,1310,30.77714949,0.003421389,0.000551572,0.722559294,0.016975813,32,1,8,20.61062952,0.0074752,0.094352,12.622
adder_dcop_59,1813,1813,11246,6.202978489,1,1310,30.77714949,0.003421389,0.000551572,0.722559294,0.016975813,64,1,8,24.36210919,0.00979968,0.123576,12.6102
adder_dcop_31,1813,1813,11246,6.202978489,1,1310,30.77714949,0.003421389,0.000551572,0.722559294,0.016975813,32,1,8,20.5350802,0.00745472,0.093891,12.5948
lowThrust_9,18044,18044,219589,12.16964088,2,7016,73.86696198,0.000674443,0.00011084,0.388827311,0.004093713,128,2,16,187.2393399,0.0783872,0.986347,12.583
adder_dcop_50,1813,1813,11246,6.202978489,1,1310,30.77714949,0.003421389,0.000551572,0.722559294,0.016975813,32,1,8,22.23927858,0.0075264,0.093972,12.4857
iprob,3001,3001,9000,2.999000333,2,3000,54.71750175,0.000999334,0.000666445,0.999666778,0.01823309,256,1,16,69.26012748,0.0205926,0.25685,12.4729
adder_dcop_61,1813,1813,11246,6.202978489,1,1310,30.77714949,0.003421389,0.000551572,0.722559294,0.016975813,64,1,8,25.59913841,0.00944128,0.117617,12.4577
adder_dcop_12,1813,1813,11246,6.202978489,1,1310,30.77714949,0.003421389,0.000551572,0.722559294,0.016975813,32,1,8,19.65340893,0.00754688,0.09388,12.4396
coupled,11341,11341,98523,8.68732916,1,3090,30.0919428,0.000766011,8.82E-05,0.272462746,0.002653376,64,1,16,68.23458524,0.0231731,0.28714,12.3911
adder_trans_02,1814,1814,14579,8.03693495,1,1335,33.6748553,0.004430504,0.000551268,0.735942668,0.018563867,32,1,8,21.58141166,0.0071168,0.087859,12.3453
lowThrust_6,16928,16928,207349,12.2488776,2,6582,71.54698927,0.000723587,0.000118147,0.388823251,0.004226547,128,1,16,183.6188687,0.0614093,0.753715,12.2736
vsp_model1_crew1_cr42_south31,45101,45101,379952,8.424469524,1,17663,121.4892376,0.000186791,2.22E-05,0.391632115,0.002693715,128,1,32,241.4408114,0.181903,2.228152,12.2491
kineticBatchReactor_4,7105,7105,74869,10.5375088,1,2426,48.54278821,0.001483112,0.000140746,0.341449683,0.006832201,32,1,16,38.35859565,0.012544,0.153364,12.2261
adder_dcop_38,1813,1813,11246,6.202978489,1,1310,30.77714949,0.003421389,0.000551572,0.722559294,0.016975813,32,1,8,21.28291081,0.00770048,0.094034,12.2114
c-43,11125,11125,123675,11.11685393,2,2620,72.60189993,0.000999268,0.000179775,0.235505618,0.006526013,64,1,16,68.62742462,0.0237875,0.290028,12.1925
rajat12,1879,1879,12926,6.879191059,1,1195,34.91282824,0.003661092,0.000532198,0.635976583,0.018580537,64,1,8,21.39091205,0.0095232,0.11519,12.0957
kineticBatchReactor_5,7641,7641,80767,10.57021332,1,2636,50.80047189,0.001383355,0.000130873,0.344981023,0.006648406,64,1,8,47.83753451,0.0196608,0.236145,12.011
circuit_3,12127,12127,48137,3.969407108,1,2305,21.04686907,0.00032732,8.25E-05,0.190071741,0.001735538,32,1,8,39.54303281,0.0123187,0.14763,11.9842
lowThrust_13,18476,18476,224897,12.1723858,2,7184,74.74627283,0.000658821,0.000108249,0.388828751,0.004045587,128,1,8,174.2363613,0.0768614,0.920484,11.9759
adder_dcop_39,1813,1813,11246,6.202978489,1,1310,30.77714949,0.003421389,0.000551572,0.722559294,0.016975813,64,1,8,24.98099156,0.00983008,0.117596,11.9629
adder_dcop_56,1813,1813,11246,6.202978489,1,1310,30.77714949,0.003421389,0.000551572,0.722559294,0.016975813,64,1,8,25.34876719,0.00989184,0.117545,11.883
adder_dcop_32,1813,1813,11246,6.202978489,1,1310,30.77714949,0.003421389,0.000551572,0.722559294,0.016975813,64,1,8,27.02703406,0.00989184,0.117432,11.8716
dynamicSoaringProblem_8,3543,3543,38136,10.76375953,2,1328,26.99814059,0.003038035,0.000564493,0.374823596,0.007620136,64,1,8,24.39786633,0.0109773,0.130017,11.8442
shermanACd,6136,6136,53329,8.691166884,1,5181,67.91661206,0.001416422,0.000162973,0.844361147,0.011068548,256,2,16,139.8347093,0.0448819,0.530606,11.8223
rajat12,1879,1879,12926,6.879191059,1,1195,34.91282824,0.003661092,0.000532198,0.635976583,0.018580537,32,1,8,20.64161583,0.00744448,0.087685,11.7785
kineticBatchReactor_6,7773,7773,82500,10.61366268,1,2678,51.1793712,0.001365453,0.00012865,0.344525923,0.006584249,32,1,16,35.51332454,0.012841,0.150979,11.7576
Chebyshev3,4101,4101,36879,8.992684711,3,4101,127.8440129,0.002192803,0.000731529,1,0.031173863,512,2,32,355.3484594,0.0423424,0.497613,11.7521
as-735,7716,7716,26467,3.430145153,0,1459,22.98165515,0.00044455,0,0.18908761,0.002978442,64,1,8,22.94525996,0.0127898,0.149238,11.6685
brainpc2,27607,27607,179395,6.498170754,1,13799,131.2550629,0.000235381,3.62E-05,0.499836998,0.004754412,256,1,64,897.561905,0.158945,1.850348,11.6414
TSOPF_FS_b39_c7,28216,28216,730080,25.87468103,1,14024,264.4360371,0.000917022,3.54E-05,0.497022966,0.009371847,128,4,64,4305.112293,0.15957,1.853184,11.6136
adder_dcop_11,1813,1813,11243,6.201323773,1,1310,30.77720517,0.003420476,0.000551572,0.722559294,0.016975844,32,1,8,21.68193744,0.0073728,0.085524,11.5999
init_adder1,1813,1813,11156,6.15333701,1,1310,30.7773114,0.003394008,0.000551572,0.722559294,0.016975903,32,1,8,22.97354408,0.0073728,0.085248,11.5625
c-32,5975,5975,54471,9.116485356,2,1986,64.32080544,0.001525772,0.000334728,0.332384937,0.010764988,32,1,16,148.8726599,0.0117658,0.135987,11.5578
circuit_3,12127,12127,48137,3.969407108,1,2305,21.04686907,0.00032732,8.25E-05,0.190071741,0.001735538,64,1,8,22.91617162,0.0185446,0.213862,11.5323
adder_dcop_47,1813,1813,11246,6.202978489,1,1310,30.77714949,0.003421389,0.000551572,0.722559294,0.016975813,32,1,8,21.5483507,0.0081616,0.093932,11.509
kineticBatchReactor_4,7105,7105,74869,10.5375088,1,2426,48.54278821,0.001483112,0.000140746,0.341449683,0.006832201,64,1,8,41.90213321,0.0184525,0.211978,11.4878
adder_dcop_05,1813,1813,11097,6.120794264,1,1310,30.77725023,0.003376059,0.000551572,0.722559294,0.016975869,32,1,8,22.24662857,0.0074752,0.085842,11.4836
iprob,3001,3001,9000,2.999000333,2,3000,54.71750175,0.000999334,0.000666445,0.999666778,0.01823309,512,1,16,2424.320903,0.0315187,0.361267,11.462
lowThrust_7,17378,17378,211561,12.17407066,2,6757,72.49062962,0.000700545,0.000115088,0.388824951,0.004171402,128,1,8,157.3639957,0.0728781,0.83497,11.4571
adder_dcop_66,1813,1813,11246,6.202978489,1,1310,30.77714949,0.003421389,0.000551572,0.722559294,0.016975813,128,1,8,25.04945376,0.0107827,0.123535,11.4568
init_adder1,1813,1813,11156,6.15333701,1,1310,30.7773114,0.003394008,0.000551572,0.722559294,0.016975903,128,1,8,24.79782931,0.0108237,0.123884,11.4456
adder_dcop_53,1813,1813,11246,6.202978489,1,1310,30.77714949,0.003421389,0.000551572,0.722559294,0.016975813,32,1,8,20.55625883,0.00730112,0.083425,11.4263
reorientation_2,1544,1544,17910,11.59974093,1,1448,36.94606978,0.007512786,0.000647668,0.937823834,0.023928802,128,1,8,30.62202824,0.0112026,0.127949,11.4214
adder_dcop_41,1813,1813,11246,6.202978489,1,1310,30.77714949,0.003421389,0.000551572,0.722559294,0.016975813,32,1,8,22.33598081,0.0073216,0.083487,11.4028
adder_dcop_50,1813,1813,11246,6.202978489,1,1310,30.77714949,0.003421389,0.000551572,0.722559294,0.016975813,128,1,8,24.92479457,0.0108339,0.123525,11.4017
adder_dcop_20,1813,1813,11246,6.202978489,1,1310,30.77714949,0.003421389,0.000551572,0.722559294,0.016975813,32,1,8,22.91291974,0.00733184,0.083548,11.3952
adder_dcop_56,1813,1813,11246,6.202978489,1,1310,30.77714949,0.003421389,0.000551572,0.722559294,0.016975813,32,1,8,21.82755747,0.00734208,0.083548,11.3793
adder_dcop_39,1813,1813,11246,6.202978489,1,1310,30.77714949,0.003421389,0.000551572,0.722559294,0.016975813,32,1,8,21.51538748,0.00733184,0.083405,11.3757
adder_dcop_26,1813,1813,11246,6.202978489,1,1310,30.77714949,0.003421389,0.000551572,0.722559294,0.016975813,32,1,8,20.21433741,0.00735232,0.083456,11.351
rajat17,94294,94294,641159,6.799573674,1,28755,97.72929148,7.21E-05,1.06E-05,0.304950474,0.001036432,128,16,16,330.7074752,0.315546,3.577938,11.3389
adder_dcop_45,1813,1813,11246,6.202978489,1,1310,30.77714949,0.003421389,0.000551572,0.722559294,0.016975813,32,1,8,20.68939769,0.00738304,0.083692,11.3357
rajat16,94294,94294,641159,6.799573674,1,28755,97.72929148,7.21E-05,1.06E-05,0.304950474,0.001036432,128,16,16,336.7652634,0.315986,3.57675,11.3193
adder_dcop_49,1813,1813,11246,6.202978489,1,1310,30.77714949,0.003421389,0.000551572,0.722559294,0.016975813,32,1,8,19.86741107,0.00735232,0.08321,11.3175
adder_dcop_16,1813,1813,11246,6.202978489,1,1310,30.77714949,0.003421389,0.000551572,0.722559294,0.016975813,32,1,8,20.63205175,0.00743424,0.083948,11.2921
adder_dcop_51,1813,1813,11246,6.202978489,1,1310,30.77714949,0.003421389,0.000551572,0.722559294,0.016975813,32,1,8,19.81473903,0.00738304,0.083364,11.2913
c-73,169422,169422,1279274,7.550813944,2,39937,151.4940063,4.46E-05,1.18E-05,0.235724994,0.000894181,64,1,16,1100.351667,0.332309,3.75083,11.2872
adder_dcop_28,1813,1813,11246,6.202978489,1,1310,30.77714949,0.003421389,0.000551572,0.722559294,0.016975813,32,1,8,21.87840023,0.00736256,0.083098,11.2866
rajat24,358172,358172,1948235,5.439383871,1,105296,180.1159959,1.52E-05,2.79E-06,0.293981662,0.000502876,128,64,16,5244.595896,1.15915,13.081823,11.2857
adder_dcop_32,1813,1813,11246,6.202978489,1,1310,30.77714949,0.003421389,0.000551572,0.722559294,0.016975813,32,1,8,22.27948994,0.00741376,0.08363,11.2804
c-73b,169422,169422,1279274,7.550813944,2,39937,151.4940063,4.46E-05,1.18E-05,0.235724994,0.000894181,64,1,16,1500.991471,0.332677,3.751506,11.2767
adder_dcop_48,1813,1813,11246,6.202978489,1,1310,30.77714949,0.003421389,0.000551572,0.722559294,0.016975813,32,1,8,20.77509131,0.00739328,0.083251,11.2604
adder_dcop_61,1813,1813,11246,6.202978489,1,1310,30.77714949,0.003421389,0.000551572,0.722559294,0.016975813,32,1,8,22.7326345,0.00743424,0.083343,11.2107
adder_trans_01,1814,1814,14579,8.03693495,1,1335,33.6748553,0.004430504,0.000551268,0.735942668,0.018563867,128,1,8,31.30053543,0.0108032,0.120801,11.182
adder_dcop_37,1813,1813,11246,6.202978489,1,1310,30.77714949,0.003421389,0.000551572,0.722559294,0.016975813,32,1,8,23.67721789,0.00744448,0.0832,11.1761
adder_dcop_64,1813,1813,11246,6.202978489,1,1310,30.77714949,0.003421389,0.000551572,0.722559294,0.016975813,32,1,8,21.521067,0.00745472,0.083313,11.1759
adder_dcop_44,1813,1813,11245,6.202426917,1,1310,30.77718001,0.003421085,0.000551572,0.722559294,0.01697583,32,1,8,22.26559785,0.0073728,0.08233,11.1667
adder_dcop_43,1813,1813,11246,6.202978489,1,1310,30.77714949,0.003421389,0.000551572,0.722559294,0.016975813,128,1,8,25.03271676,0.0108237,0.120668,11.1485
adder_dcop_33,1813,1813,11246,6.202978489,1,1310,30.77714949,0.003421389,0.000551572,0.722559294,0.016975813,32,1,8,22.61769418,0.00748544,0.083446,11.1478
adder_dcop_21,1813,1813,11246,6.202978489,1,1310,30.77714949,0.003421389,0.000551572,0.722559294,0.016975813,32,1,8,22.92313221,0.00746496,0.08319,11.1441
adder_dcop_24,1813,1813,11246,6.202978489,1,1310,30.77714949,0.003421389,0.000551572,0.722559294,0.016975813,32,1,8,20.82415819,0.00748544,0.083374,11.1382
adder_dcop_53,1813,1813,11246,6.202978489,1,1310,30.77714949,0.003421389,0.000551572,0.722559294,0.016975813,128,1,8,24.85870955,0.0106394,0.118374,11.126
adder_dcop_11,1813,1813,11243,6.201323773,1,1310,30.77720517,0.003420476,0.000551572,0.722559294,0.016975844,128,1,8,24.91853698,0.0109056,0.121334,11.1258
adder_dcop_40,1813,1813,11246,6.202978489,1,1310,30.77714949,0.003421389,0.000551572,0.722559294,0.016975813,32,1,8,21.74152992,0.0074752,0.083098,11.1165
adder_dcop_17,1813,1813,11246,6.202978489,1,1310,30.77714949,0.003421389,0.000551572,0.722559294,0.016975813,32,1,8,20.87631312,0.00748544,0.083087,11.0998
adder_dcop_62,1813,1813,11246,6.202978489,1,1310,30.77714949,0.003421389,0.000551572,0.722559294,0.016975813,128,1,8,25.56482463,0.0106906,0.11863,11.0967
adder_dcop_16,1813,1813,11246,6.202978489,1,1310,30.77714949,0.003421389,0.000551572,0.722559294,0.016975813,128,1,8,23.55501343,0.0106701,0.118303,11.0873
c-64,51035,51035,717841,14.06566082,2,9474,153.4732141,0.000275608,3.92E-05,0.185637308,0.003007215,32,1,64,402.3840934,0.0642765,0.711168,11.0642
adder_dcop_33,1813,1813,11246,6.202978489,1,1310,30.77714949,0.003421389,0.000551572,0.722559294,0.016975813,128,1,8,26.18901258,0.0107008,0.118385,11.0632
adder_dcop_46,1813,1813,11246,6.202978489,1,1310,30.77714949,0.003421389,0.000551572,0.722559294,0.016975813,128,1,8,22.27517369,0.0107213,0.118518,11.0544
adder_dcop_54,1813,1813,11246,6.202978489,1,1310,30.77714949,0.003421389,0.000551572,0.722559294,0.016975813,32,1,8,22.25375164,0.00754688,0.083415,11.0529
adder_dcop_03,1813,1813,11148,6.148924435,1,1310,30.77761981,0.003391574,0.000551572,0.722559294,0.016976073,128,1,8,26.01105171,0.0107315,0.118528,11.0449
adder_dcop_48,1813,1813,11246,6.202978489,1,1310,30.77714949,0.003421389,0.000551572,0.722559294,0.016975813,128,1,8,23.8118154,0.0107315,0.118518,11.0439
adder_dcop_17,1813,1813,11246,6.202978489,1,1310,30.77714949,0.003421389,0.000551572,0.722559294,0.016975813,128,1,8,24.3588833,0.0107213,0.118405,11.0439
adder_dcop_56,1813,1813,11246,6.202978489,1,1310,30.77714949,0.003421389,0.000551572,0.722559294,0.016975813,128,1,8,24.0795905,0.0107213,0.118385,11.042
adder_dcop_26,1813,1813,11246,6.202978489,1,1310,30.77714949,0.003421389,0.000551572,0.722559294,0.016975813,128,1,8,21.63340894,0.0107418,0.118467,11.0286
adder_dcop_49,1813,1813,11246,6.202978489,1,1310,30.77714949,0.003421389,0.000551572,0.722559294,0.016975813,128,1,8,22.7801195,0.0107418,0.118405,11.0228
adder_dcop_61,1813,1813,11246,6.202978489,1,1310,30.77714949,0.003421389,0.000551572,0.722559294,0.016975813,128,1,8,25.96473781,0.010752,0.118426,11.0143
adder_dcop_51,1813,1813,11246,6.202978489,1,1310,30.77714949,0.003421389,0.000551572,0.722559294,0.016975813,128,1,8,24.04621728,0.010752,0.118415,11.0133
adder_dcop_29,1813,1813,11246,6.202978489,1,1310,30.77714949,0.003421389,0.000551572,0.722559294,0.016975813,32,1,8,22.13466886,0.00759808,0.083651,11.0095
adder_dcop_68,1813,1813,11246,6.202978489,1,1310,30.77714949,0.003421389,0.000551572,0.722559294,0.016975813,32,1,8,22.62125586,0.0075776,0.083333,10.9973
adder_dcop_37,1813,1813,11246,6.202978489,1,1310,30.77714949,0.003421389,0.000551572,0.722559294,0.016975813,128,1,8,25.64700078,0.0107622,0.118344,10.9963
adder_dcop_45,1813,1813,11246,6.202978489,1,1310,30.77714949,0.003421389,0.000551572,0.722559294,0.016975813,128,1,8,25.28274325,0.0107622,0.118282,10.9905
adder_dcop_60,1813,1813,11246,6.202978489,1,1310,30.77714949,0.003421389,0.000551572,0.722559294,0.016975813,128,1,8,26.61119376,0.0107622,0.118262,10.9886
adder_dcop_20,1813,1813,11246,6.202978489,1,1310,30.77714949,0.003421389,0.000551572,0.722559294,0.016975813,128,1,8,25.79329137,0.0107827,0.118395,10.9801
adder_trans_02,1814,1814,14579,8.03693495,1,1335,33.6748553,0.004430504,0.000551268,0.735942668,0.018563867,128,1,8,29.35988262,0.0110182,0.120965,10.9787
adder_trans_01,1814,1814,14579,8.03693495,1,1335,33.6748553,0.004430504,0.000551268,0.735942668,0.018563867,32,1,8,21.8287909,0.00704512,0.077261,10.9666
Sieber,2290,2290,14873,6.494759825,4,2289,67.47075199,0.00283614,0.001746725,0.999563319,0.02946321,256,1,16,8.432977169,0.0197325,0.216238,10.9585
adder_dcop_21,1813,1813,11246,6.202978489,1,1310,30.77714949,0.003421389,0.000551572,0.722559294,0.016975813,128,1,8,28.62461986,0.0108134,0.118446,10.9536
adder_dcop_59,1813,1813,11246,6.202978489,1,1310,30.77714949,0.003421389,0.000551572,0.722559294,0.016975813,128,1,8,25.3236374,0.0108032,0.118333,10.9535
adder_dcop_31,1813,1813,11246,6.202978489,1,1310,30.77714949,0.003421389,0.000551572,0.722559294,0.016975813,128,1,8,23.96320794,0.0108134,0.118436,10.9527
adder_dcop_64,1813,1813,11246,6.202978489,1,1310,30.77714949,0.003421389,0.000551572,0.722559294,0.016975813,128,1,8,25.11695215,0.0108339,0.118395,10.9282
as-735,7716,7716,26467,3.430145153,0,1459,22.98165515,0.00044455,0,0.18908761,0.002978442,32,1,8,21.69264244,0.00956416,0.104489,10.9251
adder_dcop_39,1813,1813,11246,6.202978489,1,1310,30.77714949,0.003421389,0.000551572,0.722559294,0.016975813,128,1,8,25.54991134,0.0108544,0.118415,10.9094
lowThrust_3,7064,7064,80645,11.41633635,2,2746,46.18438009,0.001616129,0.000283126,0.388731597,0.006537993,128,1,8,62.59697025,0.0297574,0.324557,10.9068
adder_dcop_44,1813,1813,11245,6.202426917,1,1310,30.77718001,0.003421085,0.000551572,0.722559294,0.01697583,128,1,8,25.36871328,0.0107827,0.117217,10.8708
adder_dcop_24,1813,1813,11246,6.202978489,1,1310,30.77714949,0.003421389,0.000551572,0.722559294,0.016975813,128,1,8,24.98797066,0.0109056,0.118323,10.8497
lowThrust_11,18368,18368,223801,12.18428789,2,7142,74.52758635,0.000663343,0.000108885,0.388828397,0.004057469,128,1,8,193.0294462,0.0767898,0.833085,10.8489
adder_dcop_38,1813,1813,11246,6.202978489,1,1310,30.77714949,0.003421389,0.000551572,0.722559294,0.016975813,128,1,8,24.30463784,0.0109363,0.118415,10.8277
adder_dcop_05,1813,1813,11097,6.120794264,1,1310,30.77725023,0.003376059,0.000551572,0.722559294,0.016975869,128,1,8,26.56182906,0.0109158,0.118159,10.8246
adder_dcop_40,1813,1813,11246,6.202978489,1,1310,30.77714949,0.003421389,0.000551572,0.722559294,0.016975813,128,1,8,26.07661029,0.0109568,0.118559,10.8206
adder_dcop_28,1813,1813,11246,6.202978489,1,1310,30.77714949,0.003421389,0.000551572,0.722559294,0.016975813,128,1,8,24.25661241,0.010967,0.11862,10.8161
ASIC_680k,682862,682862,3871773,5.66992013,1,395259,659.807358,8.30E-06,1.46E-06,0.578827054,0.000966238,256,1,128,13079.0562,4.6572,50.088757,10.7551
adder_dcop_19,1813,1813,11245,6.202426917,1,1310,30.77719793,0.003421085,0.000551572,0.722559294,0.01697584,32,1,8,20.23651222,0.00769024,0.082606,10.7417
c-64b,51035,51035,717841,14.06566082,2,9474,153.4732141,0.000275608,3.92E-05,0.185637308,0.003007215,32,1,64,896.8348987,0.0602726,0.647363,10.7406
adder_dcop_32,1813,1813,11246,6.202978489,1,1310,30.77714949,0.003421389,0.000551572,0.722559294,0.016975813,128,1,8,24.95990417,0.0110387,0.118374,10.7235
reorientation_7,3057,3057,37150,12.15243703,1,2872,52.03329551,0.003975282,0.000327118,0.939483153,0.017021032,256,1,16,97.37045722,0.024064,0.257946,10.7192
adder_dcop_06,1813,1813,11224,6.190843905,1,1310,30.77726297,0.003414696,0.000551572,0.722559294,0.016975876,128,1,8,25.9925702,0.011008,0.117944,10.7144
adder_dcop_47,1813,1813,11246,6.202978489,1,1310,30.77714949,0.003421389,0.000551572,0.722559294,0.016975813,128,1,8,24.0971896,0.0111002,0.118497,10.6752
circuit_2,4510,4510,21199,4.700443459,1,1274,22.50663513,0.001042227,0.000221729,0.28248337,0.004990385,32,1,8,36.39536496,0.0082432,0.087788,10.6497